<assembly xmlns="http://maven.apache.org/plugins/maven-assembly-plugin/assembly/1.1.0" xmlns:xsi="http://www.w3.org/2001/XMLSchema-instance"
	xsi:schemaLocation="http://maven.apache.org/plugins/maven-assembly-plugin/assembly/1.1.0 http://maven.apache.org/xsd/assembly-1.1.0.xsd">

	<id>bastid-embargo-scripts</id>
	<formats>
		<format>zip</format>
	</formats>
	<includeBaseDirectory>false</includeBaseDirectory>
	
	<fileSets>
		<fileSet>
			<directory>${project.basedir}/bdf</directory>
			<lineEnding>unix</lineEnding>
		</fileSet>
		<fileSet>
			<directory>${project.basedir}/connexion</directory>
			<lineEnding>unix</lineEnding>
		</fileSet>
	</fileSets>	
	
</assembly>