PAYS et territoires;BIC-Code Pays;IBAN-Code Pays;Zone  SEPA;UE;Zone euro;EEE (EEA);AELE
WALLIS ET FUTUNA;WF;FR;;;;;
SUISSE;CH;CH;X;X;;;
SUEDE;SE;SE;X;X;;X;
SLOVENIE;SI;SI;X;X;X;X;
SLOVAQUIE;SK;SK;X;X;X;X;
SAN MARINO;SM;SM;X;X;;;
Saint Pierre and Miquelon;PM;FR;X;X;X;X;
Saint Martin;MF;FR;X;X;X;X;
Saint Barth�lemy;BL;FR;X;X;X;X;
ROYAUME-UNI;GB;GB;X;X;;X;
ROUMANIE;RO;RO;X;X;;X;
REUNION;RE;FR;X;X;X;X;
REPUBLIQUE TCHEQUE;CZ;CZ;X;X;;X;
PORTUGAL;PT;PT;X;X;X;X;
POLYNESIE FRANCAISE;PF;FR;;;;;
POLOGNE;PL;PL;X;X;;X;
PAYS-BAS;NL;NL;X;X;X;X;
NOUVELLE CALEDONIE;NC;FR;;;;;
NORVEGE;NO;NO;X;;;X;X
MONACO;MC;MC;X;X;;;
Mayotte;YT;FR;X;X;X;X;
MARTINIQUE;MQ;FR;X;X;X;X;
MALTE;MT;MT;X;X;X;X;
LUXEMBOURG;LU;LU;X;X;X;X;
LITUANIE;LT;LT;X;X;X;X;
LIECHTENSTEIN;LI;LI;X;;;X;X
LETTONIE;LV;LV;X;X;X;X;
JERSEY;JE;GB;X;X;;X;
ITALIE;IT;IT;X;X;X;X;
ISLANDE;IS;IS;X;;;X;X
IRLANDE;IE;IE;X;X;X;X;
ILE DE MAN;IM;GB;X;X;;X;
HONGRIE;HU;HU;X;X;;X;
GUYANE FRANCAISE;GF;FR;X;X;X;X;
GUERNESEY;GG;GB;X;X;;X;
GUADELOUPE;GP;FR;X;X;X;X;
GRECE;GR;GR;X;X;X;X;
GIBRALTAR;GI;GI;X;X;;X;
FRANCE;FR;FR;X;X;X;X;
FINLANDE;FI;FI;X;X;X;X;
ESTONIE;EE;EE;X;X;X;X;
ESPAGNE;ES;ES;X;X;X;X;
DANEMARK;DK;DK;X;X;;X;
CROATIA;HR;HR;X;X;;X;
CHYPRE;CY;CY;X;X;X;X;
BULGARIA;BG;BG;X;X;;X;
Belgique;BE;BE;X;X;X;X;
Autriche;AT;AT;X;X;X;X;
ALLEMAGNE;DE;DE;X;X;X;X;
