INDICATEUR_SIT;CODE_SIT;SOUSCODE_SIT;TYPE_OPERATION;SENS_INTERBANCAIRE;LIBELLE_OPERATION;CODE_FAMILLE;LIBELLE_CODE_FAMILLE;CODE_EPE_INTERNE_BDF;CODE_EPE_INTERNE_PI;CODE_EPE_EXTERNE;SOUS_CODE_EPE_EXTERNE;CODE_OPERATION_CRE_MPH;FAMILLE_OPERATION_CRE_MPH;SENS_OPERATION_CRE_MPH;COMMENTAIRES
1;038;0000;038;R;ODR CLASSIQUE;;;Lot 3b;;;;Lot 3b;;;
2;038;0000;038;E;ODR CLASSIQUE;;;;;;;;;;
3;038;0000;038RP;E;REJET PRESENTATION ODR CLASSIQUE;;;Lot 3b;;;;Lot 3b;;;
1;039;0000;039;R;OCR CLASSIQUE;;;Lot 3b;;;;Lot 3b;;;
2;039;0000;039;E;OCR CLASSIQUE;;;;;;;;;;
3;039;0000;039RP;E;REJET PRESENTATION OCR CLASSIQUE;;;Lot 3b;;;;Lot 3b;;;
1;060;0000;060;R;LCR;;;Lot 3b;;;;Lot 3b;;;
2;060;0000;060;E;LCR;;;;;;;;;;
3;060;0000;060RP;E;REJET PRESENTATION LCR;;;Lot 3b;;;;Lot 3b;;;
1;062;0000;062;R;DEMANDE DE RESTITUTION EFFET DE COMMERCE;;;Lot 3b;;;;Lot 3b;;;
2;062;0000;062;E;DEMANDE DE RESTITUTION EFFET DE COMMERCE;;;;;;;;;;
3;062;0000;062RP;E;REJET PRESENTATION DEMANDE DE RESTITUTION EFFET DE COMMERCE;;;Lot 3b;;;;Lot 3b;;;
1;065;0000;065;R;DECLARATION LCR IMPAYE;;;Lot 3b;;;;Lot 3b;;;
2;065;0000;065;E;DECLARATION LCR IMPAYE;;;;;;;;;;
3;065;0000;065RP;E;REJET PRESENTATION DECLARATION LCR IMPAYE;;;Lot 3b;;;;Lot 3b;;;
1;069;0000;069;R;LCR A VERIFIER;;;Lot 3b;;;;Lot 3b;;;
2;069;0000;069;E;LCR A VERIFIER;;;;;;;;;;
3;069;0000;069RP;E;REJET PRESENTATION LCR A VERIFIER;;;Lot 3b;;;;Lot 3b;;;
1;140;0000;140;R;RETRAIT DAB CB;;;Sans objet;;;;140;DAB;E;
2;140;0000;140;E;RETRAIT DAB CB;;;Sans objet;;;;140;DAB;B;
3;140;0000;140RP;E;REJET PRESENTATION RETRAIT DAB CB;;;Sans objet;;;;140;DAB;B;
1;160;0000;160;R;IMAGE CHEQUE;5;Images Chèques;CHQ;CHQ;160;;160;ICH;E;
2;160;0000;160;E;IMAGE CHEQUE;5;Images Chèques;CHQ;CHQ;160;;160;ICH;B;
3;160;0000;160RP;E;REJET PRESENTATION IMAGE CHEQUE;;;CHQ;CHQ;160;;160;ICH;B;
1;167;0000;167;R;ODR CHEQUE;99;Autres opérations;ODR;ODR;167;;167;ICH;E;
2;167;0000;167;E;ODR CHEQUE;99;Autres opérations;ICA, ICB;ICA, ICB;167;;167;ICH;B;
3;167;0000;167RP;E;REJET PRESENTATION ODR CHEQUE;;;ICA, ICB;ICA, ICB;167;;167;ICH;B;
1;168;0000;168;R;OCR CHEQUE;99;Autres opérations;OCR;OCR;168;;168;ICH;E;
2;168;0000;168;E;OCR CHEQUE;99;Autres opérations;ICA, ICB;ICA, ICB;168;;168;ICH;B;
3;168;0000;168RP;E;REJET PRESENTATION OCR CHEQUE;;;ICA, ICB;ICA, ICB;168;;168;ICH;B;
1;290;0000;290;R;RETRAIT DAB RECYCLE;;;Sans objet;;;;Sans objet;;;
1;320;0000;SCT;R;SCT RECU;;;SCT;BV4;SCT;SEPA;Sct;SCT;E;
2;320;0000;SCT;E;SCT EMIS;;;SSC, RSC, OMC;BV1;SCT;SEPA;Sct;SCT;B;
3;320;0000;SCTRP;E;REJET PRESENTATION DE SCT EMIS;;;RSC, OMC;BV1;SCT;SEPA;Sct;SCT;B;
1;320;0001;SCT;R;SCT INS RECU;;;SCT;BV4;SCT;VINS;Sct;SCT;E;Virement insaisissable
1;320;0003;SCT;R;SCT APL RECU;;;SCT;BV4;SCT;VAPL;Sct;SCT;E;Virement insaisissable APL
1;330;0000;ACVS;R;ACVS RECU;;;RCA;BV5;RCA;SEPA;SctRvsl;SCT;E;
2;330;0000;ACVS;E;ACVS EMIS;;;SSC, RSC, OMC;BV3;RCA;SEPA;SctRvsl;SCT;B;
3;330;0000;ACVSRP;E;REJET PRESENTATION D'ACVS EMIS;;;RSC, OMC;BV3;RCA;SEPA;SctRvsl;SCT;B;
1;380;0000;SDC;R;SDD CORE RECU;;;SDD;BP4;SDD;CORE;SddCorFnal, SddCorFrst, SddCorOoff, SddCorRcur;COR;E;
2;380;0000;SDC;E;SDD CORE EMIS;;;SSD, RSD, OMD;BP1;SDD;CORE;SddCorFnal, SddCorFrst, SddCorOoff, SddCorRcur;COR;B;
3;380;0000;SDCRP;E;REJET PRESENTATION DE SDD CORE EMIS;;;RSD, OMD;BP1;SDD;CORE;SddCorRjct;COR;B;
1;381;0000;SDB;R;SDD B2B RECU;;;SDD;BP4;B2B;B2B;SddB2bRcur, SddB2bOoff, SddB2bFnal, SddB2bFrst;B2B;E;
2;381;0000;SDB;E;SDD B2B EMIS;;;SSD, RSD, OMD;BP1;B2B;B2B;SddB2bRcur, SddB2bOoff, SddB2bFnal, SddB2bFrst;B2B;B;
3;381;0000;SDBRP;E;REJET PRESENTATION DE SDD B2B EMIS;;;RSD, OMD;BP1;B2B;B2B;SddB2bRjct;B2B;B;
1;386;0000;SDCRFC;R;RFC RECU DE SDD CORE RECU;;;RDC;BP5;RDC;CORE;SddCorCncl;COR;E;
2;386;0000;SDCRFC;E;RFC EMIS de SDD CORE EMIS;;;"RSD, OMD,SSV, RSV, OMR";BP3;RDC;CORE;SddCorCncl;COR;B;
3;386;0000;SDCRFCRP;E;REJET PRESENTATION DE RFC EMIS DE SDD CORE EMIS;;;RSD, OMD;BP3;RDC;CORE;SddCorRvsl;COR;B;
1;387;0000;SDBRFC;R;RFC RECU DE SDD B2B RECU;;;RDC;BP5;RDC;B2B;SddB2bCncl;B2B;E;
2;387;0000;SDBRFC;E;RFC EMIS DE SDD B2B EMIS;;;"RSD, OMD,SSV, RSV, OMR";BP3;RDC;B2B;SddB2bCncl;B2B;B;
3;387;0000;SDBRFCRP;E;REJET PRESENTATION DE RFC DE SDD B2B EMIS;;;RSD, OMD;BP3;RDC;B2B;SddB2bRvsl;B2B;B;
1;408;0000;408;R;ANNULATION RETRAIT DAB;;;Sans objet;;;;408;DAB;E;
2;408;0000;408;E;ANNULATION RETRAIT DAB;;;Sans objet;;;;408;DAB;B;
3;408;0000;408RP;E;REJET PRESENTATION ANNULATION RETRAIT DAB;;;Sans objet;;;;408;DAB;B;
1;416;0000;416;R;ANNULATION DE REJET D'OPERATION DEBITRICE;7;AOCT;Lot 3b;;;;Lot 3b;;;
2;416;0000;416;E;ANNULATION DE REJET D'OPERATION DEBITRICE;7;AOCT;;;;;;;;
3;416;0000;416RP;E;REJET PRESENTATION ANNULATION DE REJET D'OPERATION DEBITRICE;;;Lot 3b;;;;Lot 3b;;;
1;420;0000;420;R;ANNULATION IMAGE CHEQUE;7;AOCT;AIC;AIC;420;;420;ICH;E;
2;420;0000;420;E;ANNULATION IMAGE CHEQUE;7;AOCT;ICA;ICA;420;;420;ICH;B;
3;420;0000;420RP;E;REJET PRESENTATION ANNULATION IMAGE CHEQUE;;;ICA;ICA;420;;420;ICH;B;
1;421;0000;421;R;ANNULATION DE REJET D'IMAGE CHEQUE;7;AOCT;ICA;ICA;421;;421;ICH;E;
2;421;0000;421;E;ANNULATION DE REJET D'IMAGE CHEQUE;7;AOCT;ICB;ICB;421;;421;ICH;B;
3;421;0000;421RP;E;REJET PRESENTATION ANNULATION DE REJET D'IMAGE CHEQUE;;;ICB;ICB;421;;421;ICH;B;
1;460;0000;460;R;LCR REJETEE;6;Rejets;Lot 3b;;;;Lot 3b;;;
2;460;0000;460;E;LCR REJETEE;6;Rejets;Lot 3b;;;;Lot 3b;;;
3;460;0000;460RP;E;REJET PRESENTATION LCR REJETEE;;;Lot 3b;;;;Lot 3b;;;
1;469;0000;469;R;LCR RECTIFIEE OU A VERIFIER IRRECEVABLE;99;Autres opérations;Lot 3b;;;;Lot 3b;;;
2;469;0000;469;E;LCR RECTIFIEE OU A VERIFIER IRRECEVABLE;99;Autres opérations;Lot 3b;;;;Lot 3b;;;
3;469;0000;469RP;E;REJET PRESENTATION LCR RECTIFIEE OU A VERIFIER IRRECEVABLE;;;Lot 3b;;;;Lot 3b;;;
1;540;0000;540;R;REJET DE RETRAIT DAB;;;Sans objet;;;;540;DAB;E;
2;540;0000;540;E;REJET DE RETRAIT DAB;;;Sans objet;;;;540;DAB;B;
3;540;0000;540RP;E;REJET PRESENTATION REJET DE RETRAIT DAB;;;Sans objet;;;;540;DAB;B;
1;560;0000;560;R;REJET D'IMAGE CHEQUE;6;Rejets;ICA;ICA;560;;560;ICH;E;
2;560;0000;560;E;REJET D'IMAGE CHEQUE;6;Rejets;ICB;ICB;560;;560;ICH;B;
3;560;6000;560RP;E;REJET PRESENTATION REJET D'IMAGE CHEQUE;;;ICB;ICB;560;;560;ICH;B;
1;615;0000;SDCREV;R;REVERSAL  reçu de SDD CORE reçu.;;;RDV;BP5;RDV;CORE;SddCorRvsl;COR;E;
2;615;0000;SDCREV;E;REVERSAL EMIS DE SDD CORE EMIS;;;"RSD, OMD,SSV, RSV, OMR";BP3;RDV;CORE;SddCorRvsl;COR;B;
3;615;0000;SDCREVRP;E;REJET PRESENTATION DE REVERSAL EMIS de SDD CORE EMIS;;;RSD, OMD;BP3;SDD;CORE;SddCorFnal, SddCorFrst, SddCorOoff, SddCorRcur;COR;B;
1;616;0000;SDBREV;R;REVERSAL  reçu de SDD B2B reçu.;;;RDV;BP5;RDV;B2B;SddB2bRvsl;B2B;E;
2;616;0000;SDBREV;E;REVERSAL EMIS DE SDD B2B EMIS;;;"RSD, OMD,SSV, RSV, OMR";BP3;RDV;B2B;SddB2bRvsl;B2B;B;
3;616;0000;SDBREVRP;E;REJET PRESENTATION DE REVERSAL EMIS DE SDD B2B EMIS;;;RSD, OMD;BP3;RDV;B2B;SddB2bRcur, SddB2bOoff, SddB2bFnal, SddB2bFrst;B2B;B;
1;680;0000;SDCRJ;R;REJET RECU DE SDD CORE EMIS;;;RDJ;BP2;RDJ;CORE;SddCorRjct;COR;E;
2;680;0000;SDCRJ;E;REJET EMIS DE SDD CORE RECU;;;SDD;BP6;RDJ;CORE;SddCorRjct;COR;B;
3;680;0000;SDCRJRP;E;REJET PRESENTATION DE REJET EMIS DE SDD CORE RECU;;;RDJ;BP6;RDJ;CORE;SddCorRfnd;COR;B;
1;681;0000;SDBRJ;R;REJET RECU DE SDD B2B EMIS;;;RDJ;BP2;RDJ;B2B;SddB2bRjct;B2B;E;
2;681;0000;SDBRJ;E;REJET EMIS DE SDD B2B RECU;;;SDD;BP6;RDJ;B2B;SddB2bRjct;B2B;B;
3;681;0000;SDBRJRP;E;REJET PRESENTATION DE REJET EMIS DE SDD B2B RECU;;;RDJ;BP6;RDJ;B2B;SddB2bCncl;B2B;B;
1;720;0000;SCTRT;R;RETOUR RECU DE SCT EMIS;;;RCT;BV2;RCT;SEPA;SctRtrn;SCT;E;
2;720;0000;SCTRT;E;RETOUR EMIS DE SCT RECU;;;SCT;BV6;RCT;SEPA;SctRtrn;SCT;B;
3;720;0000;SCTRTRP;E;REJET PRESENTATION DE RETOUR DE SCT RECU;;;RCT;BV6;RCT;SEPA;SctRtrn;SCT;B;
1;730;0000;ACVSRT;R;RETOUR RECU D'ACVS EMIS;;;RCK;BV2;RCK;SEPA;SctRvslRtrn;SCT;E;
2;730;0000;ACVSRT;E;RETOUR EMIS D'ACVS RECU;;;RCA;BV6;RCK;SEPA;SctRvslRtrn;SCT;B;
3;730;0000;ACVSRTRP;E;REJET PRESENTATION DE RETOUR EMIS D'ACVS RECU;;;RCK;BV6;RCK;SEPA;SctRvslRtrn;SCT;B;
1;780;0000;SDCRFD;R;REFUND RECU SUR SDD CORE EMIS;;;RDF;BP2;RDF;CORE;SddCorRfnd;COR;E;
1;780;0000;SDCRT;R;RETOUR RECU DE SDD CORE EMIS;;;RDT;BP2;RDT;CORE;SddCorRtrn;COR;E;
2;780;0000;SDCRFD;E;REFUND EMIS SUR SDD CORE RECU;;;SDD;BP6;RDF;CORE;SddCorRfnd;COR;B;
2;780;0000;SDCRT;E;RETOUR EMIS DE SDD CORE RECU;;;SDD;BP6;RDT;CORE;SddCorRtrn;COR;B;
3;780;0000;SDCRFDRP;E;REJET PRESENTATION DE REFUND EMIS DE SDD CORE RECU;;;RDF;BP6;RDF;CORE;SddCorCncl;COR;B;
3;780;0000;SDCRTRP;E;REJET PRESENTATION DE RETOUR EMIS DE SDD CORE RECU;;;RDT;BP6;RDT;CORE;SddCorRtrn;COR;B;
1;781;0000;SDBRT;R;RETURN reçu d'un SDD B2B émis;;;RDT;BP2;RDT;B2B;SddB2bRtrn;B2B;E;
2;781;0000;SDBRT;E;RETURN EMIS DE SDD B2B RECU;;;SDD;BP6;RDT;B2B;SddB2bRtrn;B2B;B;
3;781;0000;SDBRTRP;E;REJET PRESENTATION DE RETOUR EMIS DE SDD B2B RECU;;;RDT;BP6;RDT;B2B;SddB2bRtrn;B2B;B;
1;808;0000;808;R;REJET D'ANNULATION RETRAIT DAB;;;Sans objet;;;;808;DAB;E;
2;808;0000;808;E;REJET D'ANNULATION RETRAIT DAB;;;Sans objet;;;;808;DAB;B;
3;808;6000;808RP;E;REJET PRESENTATION REJET D'ANNULATION RETRAIT DAB;;;Sans objet;;;;808;DAB;B;
1;817;0000;817;R;REJET D'ANNULATION DE REJET D'OPERATIONS DEBITRICES;;;Lot 3b;;;;Lot 3b;;;
2;817;0000;817;E;REJET D'ANNULATION DE REJET D'OPERATIONS DEBITRICES;;;Lot 3b;;;;Lot 3b;;;
3;817;6000;817RP;E;REJET PRESENTATION REJET D'ANNULATION DE REJET D'OPERATIONS DEBITRICES;;;Lot 3b;;;;Lot 3b;;;
1;820;0000;820;R;REJET D'ANNULATION D'IMAGE CHEQUE;6;Rejets;ICA;ICA;820;;820;ICH;E;
2;820;0000;820;E;REJET D'ANNULATION D'IMAGE CHEQUE;6;Rejets;ICB;ICB;820;;820;ICH;B;
3;820;6000;820RP;E;REJET PRESENTATION REJET D'ANNULATION D'IMAGE CHEQUE;;;ICB;ICB;820;;820;ICH;B;
1;821;0000;821;R;REJET D'ANNULATION DE REJET D'IMAGE CHEQUE;;;RAR;RAR;821;;821;ICH;E;
2;821;0000;821;E;REJET D'ANNULATION DE REJET D'IMAGE CHEQUE;;;ICA;ICA;821;;821;ICH;B;
3;821;6000;821RP;E;REJET PRESENTATION REJET D'ANNULATION REJET D'IC;;;ICA;ICA;821;;821;ICH;B;
;Absent;Absent;166;E;DEMANDE DE TELECOPIE;99;Autres opérations;ICB;ICB;166;;166;ICH;B;
;Absent;Absent;169;E;ONC CHEQUE;99;Autres opérations;ICA, ICB;ICA, ICB;169;;169;ICH;B;
;Absent;Absent;CAISCT;E;CAI SCT EMIS;;;;BV6;RCD;;Cai;SCT;B;
;Absent;Absent;CAISDB;E;CAI SDD B2B EMIS;;;;BP6;RDD;B2B;Cai;B2B;B;
;Absent;Absent;CAISDC;E;CAI SDD CORE EMIS;;;;BP6;RDD;CORE;Cai;COR;B;
;Absent;Absent;ALL;E;ALL EMISSION;;;;;;;;;;
;Absent;Absent;166RP;E;REJET PRESENTATION DEMANDE DE TELECOPIE;;;ICB;ICB;166;;166;ICH;B;
;Absent;Absent;169RP;E;REJET PRESENTATION ONC CHEQUE;;;ICA, ICB;ICA, ICB;169;;169;ICH;B;
;Absent;Absent;166;R;DEMANDE DE TELECOPIE;99;Autres opérations;DTC;DTC;166;;166;ICH;E;
;Absent;Absent;169;R;ONC CHEQUE;99;Autres opérations;ONC;ONC;169;;169;ICH;E;
;Absent;Absent;CAISCT;R;CAI SCT RECU;;;RCD;BV2;RCD;;Cai;SCT;E;
;Absent;Absent;CAISDB;R;CAI SDD B2B RECU;;;RDD;BP2;RDD;B2B;Cai;B2B;E;
;Absent;Absent;CAISDC;R;CAI SDD CORE RECU;;;RDD;BP2;RDD;CORE;Cai;COR;E;
;Absent;Absent;ALL;R;ALL RECEPTION;;;;;;;;;;
;Absent;Absent;033;E;NOTIFICATION APL;;;Lot ???;;;;Lot ???;;;
;Absent;Absent;033RP;E;REJET PRESENTATION NOTIFICATION APL;;;Lot ???;;;;Lot ???;;;
;Absent;Absent;033;R;NOTIFICATION APL;;;Lot ???;;;;Lot ???;;;
1;;;(RECALL)??;R;RECALL RECU;;;RCC;BV2;RCC;SEPA;SctRcll;SCT;E;
2;;;RECALL;E;RECALL EMIS;;;SSC, RSC, OMC;BV3;RCC;SEPA;SctRcll;SCT;B;
3;;;(RECALL)RP??;E;REJET PRESENTATION RECALL EMIS;;;SSC, RSC, OMC;BV3;RCC;SEPA;SctRcll;SCT;B;
