CODE;LIBELLE;MOTIF_GENERIQUE;IND_LCR;IND_TIP;IND_IC
10;PERTE;OPPOSITION DU CHEQUE ;;;X
11;VOL;OPPOSITION DU CHEQUE ;;;X
12;UTILISATION FRAUDULEUSE;OPPOSITION DU CHEQUE ;;;X
13;DECISION JUDICIAIRE;OPPOSITION DU CHEQUE ;;;X
20;CHEQUE PRESCRIT;CHEQUE PRESCRIT;;;X
30;ABSENCE D'UNE MENTION OBLIGATOIRE;CHEQUE IRREGULIER;;;X
31;SIGNATURE NON CONFORME;CHEQUE IRREGULIER;;;X
32;INSUFFISANCE SIGNATURE;CHEQUE IRREGULIER;;;X
33;FALSIFICATION SURCHARGE;CHEQUE IRREGULIER;;;X
34;FAUX CHEQUE;CHEQUE IRREGULIER;;;X
35;ABSENCE OU IRREGULARITE DE L'ENDOS;CHEQUE IRREGULIER;;;X
40;DECISION JUDICIAIRE;COMPTE INDISPONIBLE;;;X
41;SAISIE ATTRIBUTION OU CONSERVATOIRE;COMPTE INDISPONIBLE;;;X
42;AVIS A TIERS DETENTEUR;COMPTE INDISPONIBLE;;;X
43;DECES DU TITULAIRE;COMPTE INDISPONIBLE;;;X
44;DENONCIATION DE CONVENTION DE COMPTE COLLECTIF;COMPTE INDISPONIBLE;;;X
45;MOTIF REGLEMENTAIRE;COMPTE INDISPONIBLE;;;X
50;NE CONCERNE PAS L'ETABLISSEMENT;PRESENTATION IRREGULIERE;;;X
51;CIRCUIT D'ECHANGE INCORRECT;PRESENTATION IRREGULIERE;;;X
52;BANQUE HORS ECHANGE;PRESENTATION IRREGULIERE;;;X
53;VIGNETTE OU COPIE NON PARVENUE;PRESENTATION IRREGULIERE;;;X
54;DOUBLON PRESUME;PRESENTATION IRREGULIERE;;;X
55;IC INEXPLOITABLE;PRESENTATION IRREGULIERE;;;X
60;CHEQUE IMPAYE POUR LE MONTANT TOTAL;PROVISION INSUFFISANTE;;;X
61;PAIEMENT PARTIEL;PROVISION INSUFFISANTE;;;X
62;COMPTE CL�TURE;PROVISION INSUFFISANTE;;;X
12;COORD. BANC. INEXPLOIT.;;X;X;
13;CREANCE NON IDENTIFIABLE;;X;;
14;CPTE SOLDE CLOTURE VIRE;;X;X;
16;DESTINATAIRE NON RECONNU;;X;X;
18;EMETTEUR NON RECONNU;;X;X;
19;CREANCE CEDEE A AUTRE BQ;;X;;
20;PROVISION INSUFFUSANTE;;X;X;
31;PAS D'AUTORISATION;;;X;
31;PAS D'ORDRE DE PAYER;;X;;
32;DECISION JUDICIAIRE;;X;X;
34;OPPOSITION SUR COMPTE;;X;X;
35;TITULAIRE DECEDE;;X;X;
39;NE PAIE QUE LCRA OU BOR;;X;;
70;TIRAGE CONTESTE;;X;;
71;RE�U A TORT / DEJA REGLE;;X;;
72;CODE ACCEPTATION ERRONE;;X;;
73;MONTANT CONTESTE;;X;;
74;DATE ECHEANCE CONTESTE;;X;;
75;DEMANDE DE PROROGATION;;X;X;
76;RECLAMATION TARDIVE;;X;X;
77;OPERATION DEJA REJETE;;;;
78;OPERATION NON PARVENUE;;;;
80;CONTESTATION DEBITEUR;;;X;
88;BANQUE HORS ECHANGES;;X;X;
90;PAIEMENT PARTIEL DU TIRE;;X;;
99;OPERATION NON ADMISE;;X;X;
