CODE;LIBELLE;TYPE;IND_LCR;IND_TIP;IND_IC;IND_PEL
11;ANNULATION BANCAIRE;MOTIFS BANCAIRES;X;;;
12;COORD. BANC. INEXPLOIT.;MOTIFS BANCAIRES;;X;X;
14;CPTE SOLDE CLOTURE VIRE;MOTIFS BANCAIRES;;X;X;
16;DESTINATAIRE NON RECONNU;MOTIFS BANCAIRES;;X;X;
18;EMETTEUR NON RECONNU;MOTIFS BANCAIRES;;X;X;
20;PROVISION INSUFFUSANTE;MOTIFS BANCAIRES;;X;X;
31;PAS D'AUTORISATION;MOTIFS BANCAIRES;;X;;
32;DECISION JUDICIAIRE;MOTIFS BANCAIRES;;X;;
34;OPPOSITION SUR COMPTE;MOTIFS BANCAIRES;;X;X;
35;TITULAIRE DECEDE;MOTIFS BANCAIRES;;X;X;
70;TIRAGE CONTESTE;MOTIFS BANCAIRES;X;X;X;
71;RE�U A TORT / DEJA REGLE;MOTIFS BANCAIRES;X;X;;
73;MONTANT CONTESTE;MOTIFS BANCAIRES;X;X;X;
74;DATE ECHEANCE CONTESTE;MOTIFS BANCAIRES;X;X;;
75;DEMANDE DE PROROGATION;MOTIFS BANCAIRES;X;X;;
76;RECLAMATION TARDIVE;MOTIFS BANCAIRES;X;X;;
77;OPERATION DEJA REJETE;MOTIFS BANCAIRES;;;X;
78;OPERATION NON PARVENUE;MOTIFS BANCAIRES;;;X;
80;CONTESTATION DEBITEUR;MOTIFS BANCAIRES;;X;;
88;BANQUE HORS ECHANGES;MOTIFS BANCAIRES;;X;;
99;OPERATION NON ADMISE;MOTIFS BANCAIRES;;X;;
1010;DEMANDE D'ANNULATION;MOTIFS BANCAIRES;;;;X
1020;DEMANDE D'ANNULATION POUR REGULARISATION;MOTIFS BANCAIRES;;;;X
0;NON PRECISE;MOTIFS TECHNIQUES;;;;
1;OPERATION EN DOUBLE;MOTIFS TECHNIQUES;;;;
2;CODE OPERATION ERRONE;MOTIFS TECHNIQUES;;;;
3;OPERATION A TORT;MOTIFS TECHNIQUES;;;;
4;PERTE DU CHEQUE APRES ECHANGE DE L'IC SUR LE SYSTEME D'ECHANGE;MOTIFS TECHNIQUES;;;;
