ID_TYPE_OPE;CODE_OPE;SSCODE_OPE;DELAI_REGLEMENT_OPE;DATE_DEB_VAL;DATE_FIN_VAL;DELAI_REJET_OPE;LIB_COURT_OPE;LIB_LONG_OPE;LIBELLE_OPERATION;CODE_FAMILLE_OPE;LIB_FAMILLE_OPE;CODE_PACS;CODE_FORMAT_PACS;FAMILLE_SEPA;LIBELLE_CODE_OPE;TYPE_OPERATION;FORMAT;CODE_GRP_OPE_INTERBAN;IND_SENS_ECHANGES_OPE;IND_SENS_ECRIT_COMP;CODE_ARCHIVAGE_OPE;CODE_IMPRIME_SUPPORT_OPE;CODE_OPE_REJET;CODE_OP_DEMANDE_CORRECT_DOMI;CODE_OPE_ANNULATION;BENEFICIAIRE_RISTOURNES_COMMIS;BAREME_FACTURATION_RISTOURNE;BAREME_RISTOURNE_CATEGORIE_1;BAREME_RISTOURNE_CATEGORIE_2;BAREME_RISTOURNE_CATEGORIE_3;BAREME_RISTOURNE_CATEGORIE_4;BAREME_RISTOURNE_CATEGORIE_5;BAREME_RISTOURNE_CATEGORIE_6;BAREME_RISTOURNE_CATEGORIE_7;BAREME_RISTOURNE_CATEGORIE_8;BAREME_RISTOURNE_CATEGORIE_9;MNT_COMMISSIONS_OP_INTERBA;COMMIS_INTERBCAIRE_CLI;TAXE_COMISSION_INTERBANC_CLI;COMMIS_INTERBCAIRE_ORP;TAXE_COMISSION_INTERBANC_ORP;CODE_OPE_OC;CODE_OPE_OMF;CODE_VALEUR_TYPE;LIB_OPE_SIT;IND_REJET;CODE_OPE_SIT_REJETEE;IND_CORRECTION;CODE_OPE_DE_SIT_CORRIGEE;IND_ANNULATION;CODE_OPE_ANNULEE;DUREE_RETENTION_OPE;CODE_IMPRIME;SENS_OPE_SIT;SENS_COMPTABLE_OPE;CODE_ECHANGE_BDF;IND_DECLARATION_BDF;CAT_OPE;CODE_NATURE_OP_TRESOR;CODE_LIB_CLIENT;IND_CONNEXE;PROFONDEUR;LONG_OPE;LONG_OPE_INIT;DEBUT_OPE_INIT;LONG_ZONE_BQ;IND_EVOLMPM;IND_INVERSE;DATE_INSERT;DATE_UPDATE
-1;-;-;-;01/01/2000;31/12/1999;;;;;;;;;;;;;;;;;;;;;;;;;;;;;;;;;;;;;;;;;;;;;;;;;;;;;;;;;;;;;;;;;
1;29;0;0;01/12/2000;31/12/1999;0;VT A VERIF;VIREMENTS A VERIFIER;;99;Autres opérations;;;;;;minos;10;A;N;0;C;23;23;0;0;0;0;0;0;0;0;0;0;0;0;0;0;0;0;0;29;129;739;VIREMENTS A VERIFIER;O;429;O;429;N;;23;C;A;N;1.65;0;C;587;335;O;;;;;;;;;
2;30;1;0;01/12/2000;31/12/1999;0;PRIME CEL;PRIME CEL;;99;Autres opérations;;;;;;minos;0;A;N;0;X;2;0;3;0;0;0;0;0;0;0;0;0;0;0;0;0;0;0;0;5;999;739;PRIME CEL;O;430;N;;O;418;23;X;A;N;1.66;0;X;507;999;O;;;;;;;;;
3;30;2;0;01/12/2000;31/12/1999;0;P.E.L.;DEMANDE PRIME EPARGNE LOGEMENT;;99;Autres opérations;;;;;;minos;0;A;N;0;X;2;0;3;0;0;0;0;0;0;0;0;0;0;0;0;0;0;0;0;1;999;739;DEMANDE PRIME EPARGNE LOGEMENT;O;430;N;;O;418;23;X;A;N;1.66;0;X;507;999;O;;;;;;;;;
4;30;3;0;01/12/2000;31/12/1999;0;SRPRIM PEL;SURPRIME PEL;;99;Autres opérations;;;;;;minos;0;A;N;0;X;2;0;3;0;0;0;0;0;0;0;0;0;0;0;0;0;0;0;0;6;999;739;SURPRIME PEL;O;430;N;;O;418;23;X;A;N;1.66;0;X;507;999;O;;;;;;;;;
5;31;0;0;03/03/2008;31/12/1999;0;IPP;INITIALISATION PAIEMENT PEL;;99;Autres opérations;;;;;;minos;0;A;N;0;X;1N;0;0;0;0;0;0;0;0;0;0;0;0;0;0;0;0;0;0;1M;129;739;INITIALISATION PAIEMENT PEL;O;431;N;;N;;23;X;A;N;1.65;0;X;507;0;O;;;;;;;;;
6;33;0;0;01/12/2000;31/12/1999;0;NOTIF APL;NOTIFICATIONS A.P.L;;99;Autres opérations;;;;;;minos;10;A;N;0;H;0;0;0;0;0;0;0;0;0;0;0;0;0;0;0;0;0;0;0;33;129;739;NOTIFICATIONS A.P.L;N;;N;;N;;23;H;A;N;1.65;0;X;587;335;O;;;;;;;;;
7;38;0;0;25/04/2002;31/12/1999;0;ODRCL;OPERATION DBT DE REDRESST CLASSI;;99;Autres opérations;;;;;;minos;10;A;D;1;X;0;0;0;0;0;0;0;0;0;0;0;0;0;0;0;0;0;0;0;1K;129;739;OPERATION DBT DE REDRESST CLASSI;N;;N;;N;;23;X;A;D;1.66;0;X;507;309;O;1;832;448;385;304;;N;;
8;39;0;0;25/04/2002;31/12/1999;0;OCRCL;OPERATION CDT DE REDRESST CLASSI;;99;Autres opérations;;;;;;minos;10;A;C;1;X;0;0;0;0;0;0;0;0;0;0;0;0;0;0;0;0;0;0;0;1L;129;739;OPERATION CDT DE REDRESST CLASSI;N;;N;;N;;23;X;A;C;1.65;0;X;587;309;O;1;832;448;385;304;;N;;
9;60;0;5;01/12/2000;31/12/1999;0;L.C.R;L.C.R;L.C.R;3;LCR;;;;;LCR;minos;30;A;D;1;L;61;63;0;D;0;0;0;0;0;0;0;0;0;0;0,8;0,8;0,16;1;0;60;118;740;L.C.R;O;460;O;469;N;;23;L;A;D;1.66;0;L;507;340;O;;;;;;O;;;
10;62;0;0;01/12/2000;31/12/1999;0;DRE;DEM.RESTITUTION EFFET COMMERCE;DEM.RESTITUTION EFFET COMMERCE;99;Autres opérations;;;;;LCR;minos;30;A;N;0;D;0;0;0;D;0;0;0;0;0;0;0;0;0;0;4;4;0,82;0;0;62;129;739;DEM.RESTITUTION EFFET COMMERCE;N;;N;;N;;23;D;A;N;1.65;0;X;587;335;O;1;576;320;129;48;O;N;;
11;65;0;0;01/12/2000;31/12/1999;0;DECLAR.LCR;DECLAR. LCR INT. REJETEE;DECLAR. LCR INT. REJETEE;99;Autres opérations;;;;;LCR;minos;30;R;N;1;X;0;0;0;0;0;0;0;0;0;0;0;0;0;0;0;0;0;0;0;65;118;739;DECLAR. LCR INT. REJETEE;N;;N;;N;;23;X;R;N;1.66;0;L;507;999;O;2;576;320;257;176;O;O;;
12;69;0;0;01/12/2000;31/12/1999;0;LCR A VERI;L.C.R. A VERIFIER;L.C.R. A VERIFIER;99;Autres opérations;;;;;LCR;minos;30;A;N;0;C;63;63;0;0;0;0;0;0;0;0;0;0;0;0;0;0;0;0;0;69;118;739;L.C.R. A VERIFIER;O;469;O;469;N;;23;C;A;N;1.66;0;C;507;999;O;;;;;;O;;;
13;70;0;1;01/12/2000;31/12/1999;0;T. I. P;T. I. P;;4;TIP;;;;;;minos;20;A;D;0;P;71;83;15;D;0;0;0;0;0;0;0;0;0;0;0,5;0,5;0,1;0,4;0;70;127;740;T. I. P;O;470;O;489;O;415;23;P;A;D;1.66;0;P;507;340;N;;;;;;;;;
14;85;1;2;01/12/2000;31/12/1999;0;AP ACCELER;AVIS PRELEVEMENT ACCELERE;;2;Prélèvements;;;;;;minos;20;A;D;0;P;81;83;15;D;0;0;0;0;0;0;0;0;0;0;1,2;1,2;0,24;0,51;0;85;101;740;AVIS PRELEVEMENT ACCELERE;O;580;O;489;O;415;23;P;A;D;1.66;0;P;507;340;N;;;;;;;;;
15;86;1;1;01/12/2000;31/12/1999;0;TELERGLT;TELEREGLEMENT;;2;Prélèvements;;;;;;minos;20;A;D;0;P;88;83;15;D;0;0;0;0;0;0;0;0;0;0;0,9;0,9;0,18;0,51;0;86;101;740;TELEREGLEMENT;O;581;O;489;O;415;23;P;A;D;1.66;0;P;507;340;N;;;;;;;;;
16;89;0;0;01/12/2000;31/12/1999;0;PT A VERIF;PRELEVEMENTS A VERIFIER;;99;Autres opérations;;;;;;minos;20;A;N;0;C;83;83;0;0;0;0;0;0;0;0;0;0;0;0;0;0;0;0;0;89;101;739;PRELEVEMENTS A VERIFIER;O;489;O;489;N;;23;C;A;N;1.66;0;C;507;999;O;;;;;;;;;
17;120;1;2;01/12/2000;31/12/1999;0;VTS J+2;VIREMENTS A ECHEANCE.J+2;;1;Virements;;;;;;minos;10;A;C;1;2;21;23;10;D;0;0;0;0;0;0;0;0;0;0;0,6;0,6;0,12;0,6;0,12;20;129;739;VIREMENTS;O;520;O;429;O;410;23;V;A;C;1.65;0;V;587;335;N;;;;;;;;;
18;120;1;1;01/12/2000;31/12/1999;0;VTS J+1;VIREMENTS A ECHEANCE.J+1;;1;Virements;;;;;;minos;10;A;C;1;2;21;23;10;D;0;0;0;0;0;0;0;0;0;0;0,9;0,9;0,18;0,9;0,18;20;129;739;VIREMENTS;O;520;O;429;O;410;23;V;A;C;1.65;0;V;587;335;N;;;;;;;;;
19;120;1;0;01/12/2000;31/12/1999;0;VIREMENTS;VIREMENTS;;1;Virements;;;;;;minos;10;A;C;1;V;21;23;10;0;0;0;0;0;0;0;0;0;0;0;0;0;0;0;0;20;129;739;VIREMENTS;O;520;O;429;O;410;23;V;A;C;1.65;0;V;587;335;N;;;;;;;;;
20;120;3;0;01/12/2000;31/12/1999;0;VTS PARTIC;VIREMENTS PARTICULIERS;;1;Virements;;;;;;minos;10;A;C;1;V;24;23;10;0;0;0;0;0;0;0;0;0;0;0;0;0;0;0;0;22;129;739;VIREMENTS PARTICULIERS;O;520;O;429;O;410;23;V;A;C;1.65;0;V;587;335;N;;;;;;;;;
21;120;5;0;01/12/2000;31/12/1999;0;VT BQ A BQ;VIREMENT BANQUE A BANQUE;;1;Virements;;;;;;minos;10;A;C;1;V;24;23;10;0;0;0;0;0;0;0;0;0;0;0;0;0;0;0;0;2X;129;739;VIREMENT BANQUE A BANQUE;O;520;O;429;O;410;23;V;A;C;1.65;0;V;587;335;N;;;;;;;;;
22;120;6;1;01/12/2000;31/12/1999;0;VTS TIP;VIREMENTS T. I. P;;1;Virements;;;;;;minos;10;A;C;1;V;21;23;10;0;0;0;0;0;0;0;0;0;0;0;0;0;0;0;0;75;129;737;VIREMENTS T. I. P;O;520;O;429;O;410;23;V;A;C;1.65;0;V;587;335;N;;;;;;;;;
23;121;1;0;01/12/2000;31/12/1999;0;VSOT;VIREMENT ORIENTE TRESORERIE;;1;Virements;;;;;;;10;A;C;1;V;21;23;10;D;0;0;0;0;0;0;0;0;0;0;5;5;0,98;5;0,98;76;129;739;VIREMENT ORIENTE TRESORERIE;O;520;O;429;O;410;23;V;A;C;1.65;0;V;587;335;N;;;;;;;;;
24;122;1;0;01/12/2000;31/12/1999;0;VR;VIREMENT REFERENCE;;1;Virements;;;;;;;10;A;C;1;V;21;23;10;P;0;0;0;0;0;0;0;0;0;0;0,8;0,8;0,16;0,8;0,16;73;129;739;VIREMENT REFERENCE;O;520;O;429;O;410;23;V;A;C;2.65;0;V;587;335;N;;;;;;;;;
25;123;1;0;01/12/2000;31/12/1999;0;VOE;VIREMENT ORIGINE EXTERIEURE;;1;Virements;;;;;;minos;10;A;C;1;V;21;23;10;0;0;0;0;0;0;0;0;0;0;0;0;0;0;0;0;77;129;739;VIREMENT ORIGINE EXTERIEURE;O;520;O;429;O;410;23;V;A;C;1.65;0;V;587;335;N;;;;;;;;;
26;123;2;0;01/12/2000;31/12/1999;0;VOE-VNF;VOE-VIREMENT NET DE FRAIS;;1;Virements;;;;;;minos;10;A;C;1;V;21;23;10;D;0;0;0;0;0;0;0;0;0;0;0;12;2,36;12;2,36;79;129;739;VOE-VIREMENT NET DE FRAIS;O;520;O;429;O;410;23;V;A;C;1.65;0;V;587;335;N;;;;;;;;;
27;124;1;0;01/12/2000;31/12/1999;0;VEDI;VIREMENT EDI;;1;Virements;;;;;;;10;A;C;1;V;21;23;10;0;0;0;0;0;0;0;0;0;0;0;0;0;0;0;0;78;129;739;VIREMENT EDI;O;520;O;429;O;410;23;V;A;C;1.65;0;V;587;335;N;;;;;;;;;
28;160;1;1;25/09/2006;31/12/1999;0;IC CIRC 1;IMAGE CHEQUE;IMAGE CHEQUE;5;Images chèques;;;;;IC;minos;60;A;D;1;X;1B;0;1C;0;0;0;0;0;0;0;0;0;0;0;0;0;0;0;0;1A;129;702;IMAGE CHEQUE;N;;N;;N;;8;X;A;D;1.66;0;I;507;576;O;;;;;;O;;;
29;166;0;0;30/09/2010;31/12/1999;0;DEM TEL CH;DEMANDE TELECOPIE CHEQUE;DEMANDE TELECOPIE CHEQUE;99;Autres opérations;;;;;IC;minos;60;A;N;0;X;0;0;0;0;0;0;0;0;0;0;0;0;0;0;0;0;0;0;0;1G;0;739;DEMANDE TELECOPIE CHEQUE;N;;N;;N;;23;X;A;N;1.66;0;I;507;999;O;1;640;256;385;304;O;O;;
30;167;0;0;30/09/2010;31/12/1999;0;ODR;OP DEBIT REDRESSEMENT DE CHEQUE;OP DEBIT REDRESSEMENT DE CHEQUE;99;Autres opérations;;;;;IC;minos;60;A;D;1;X;0;0;0;0;0;0;0;0;0;0;0;0;0;0;0;0;0;0;0;1H;129;739;OP DEBIT REDRESSEMENT DE CHEQUE;N;;N;;N;;23;X;A;D;1.66;0;I;587;309;O;1;640;256;385;304;O;N;;
31;168;0;0;30/09/2010;31/12/1999;0;OCR;OP CREDIT REDRESSEMENT  CHEQUE;OP CREDIT REDRESSEMENT  CHEQUE;99;Autres opérations;;;;;IC;minos;60;A;C;1;X;0;0;0;0;0;0;0;0;0;0;0;0;0;0;0;0;0;0;0;1I;129;739;OP CREDIT REDRESSEMENT  CHEQUE;N;;N;;N;;23;X;A;C;1.65;0;I;507;310;O;1;640;256;385;304;O;O;;
32;169;0;0;30/09/2010;31/12/1999;0;ONC;OPERATION NON COMPTABLE CHEQUE;OPERATION NON COMPTABLE CHEQUE;99;Autres opérations;;;;;IC;minos;60;A;N;0;X;0;0;0;0;0;0;0;0;0;0;0;0;0;0;0;0;0;0;0;1J;129;739;OPERATION NON COMPTABLE CHEQUE;N;;N;;N;;23;X;A;N;1.65;0;I;507;999;O;1;640;256;385;304;O;N;;
33;180;1;4;01/12/2000;31/12/1999;0;PTS;PRELEVEMENTS;;2;Prélèvements;;;;;;minos;20;A;D;0;P;81;83;15;D;0;0;0;0;0;0;0;0;0;0;0,8;0,8;0,16;0,51;0;80;101;740;PRELEVEMENTS;O;580;O;489;O;415;23;P;A;D;1.66;0;P;507;340;N;;;;;;;;;
34;180;2;4;01/12/2000;31/12/1999;0;PT SPECIAL;PRELEVEMENTS DU TRESOR;;2;Prélèvements;;;;;;minos;20;A;D;0;P;84;83;15;0;0;0;0;0;0;0;0;0;0;0;0;0;0;0;0;82;101;740;PRELEVEMENTS DU TRESOR;O;580;O;489;O;415;23;P;A;D;1.66;0;P;507;340;N;;;;;;;;;
35;180;3;4;01/12/2000;31/12/1999;0;EDF PRELEV;EDF PRELEVEMENTS;;2;Prélèvements;;;;;;minos;20;A;D;0;P;84;83;15;D;0;0;0;0;0;0;0;0;0;0;0,8;0,8;0,16;0;0;8D;101;740;EDF PRELEVEMENTS;O;580;O;489;O;415;23;P;A;D;1.66;0;P;507;340;N;;;;;;;;;
36;181;1;4;01/12/2000;31/12/1999;0;TEP ORDIN.;TEP ORDINAIRE;;2;Prélèvements;;;;;;;20;A;D;0;P;88;83;15;D;0;0;0;0;0;0;0;0;0;0;0,8;0,8;0,16;0,51;0;87;101;740;TEP ORDINAIRE;O;581;O;489;O;415;23;P;A;D;1.66;0;P;507;340;N;;;;;;;;;
37;183;0;0;02/09/2004;31/12/1999;0;MODIF NNE;CHANGT IDENTIFICATION CREANCIER;;99;Autres opérations;;;;;;minos;20;A;N;1;N;0;0;0;0;0;0;0;0;0;0;0;0;0;0;0;0;0;0;0;44;101;739;CHANGT IDENTIFICATION CREANCIER;N;;N;;N;;23;N;A;N;1.66;0;N;507;999;O;;;;;;;;;
38;290;9000;0;01/12/2000;31/12/1999;0;DAB;RETRAITS D.A.B.;;99;Autres opérations;;;;;;minos;40;A;D;0;X;91;0;15;0;0;0;0;0;0;0;0;0;0;0;0;0;0;0;0;90;124;739;RETRAITS D.A.B.;O;590;N;;O;415;23;X;A;D;1.66;0;R;507;340;O;;;;;;N;;;
39;290;9001;0;01/12/2000;31/12/1999;0;DAB/RT;DAB SUITE REJET TECHNIQUE;;99;Autres opérations;;;;;;minos;40;A;D;0;X;91;0;15;0;0;0;0;0;0;0;0;0;0;0;0;0;0;0;0;9C;124;739;DAB SUITE REJET TECHNIQUE;O;590;N;;O;415;23;X;A;D;1.66;0;R;507;340;O;;;;;;N;;;
40;290;9002;0;01/12/2000;31/12/1999;0;DAB/IMPAY;DAB SUITE IMPAYE;;99;Autres opérations;;;;;;minos;40;A;D;0;X;91;0;15;0;0;0;0;0;0;0;0;0;0;0;0;0;0;0;0;9D;124;739;DAB SUITE IMPAYE;O;590;N;;O;415;23;X;A;D;1.66;0;R;507;340;O;;;;;;N;;;
41;320;0;0;30/01/2008;18/09/2013;0;SCT;VIREMENT SEPA;VIREMENT SEPA;1;Virements;PACS008;PS8C;SCT;PACS008 - SCT;SCT;sepa;10;A;C;1;S;1P;0;0;0;0;0;0;0;0;0;0;0;0;0;0;0;0;0;0;1Q;129;739;VIREMENT SEPA;O;720;N;;N;;23;S;A;C;1.65;0;V;587;335;O;;;;;;O;;;
42;326;0;0;29/10/2010;24/04/2014;0;SCT RECALL;SCT RECALL;DEMANDE DE RETOUR DE FONDS DE VIREMENT SEPA;99;Autres opérations;CAMT056;C56C;RECALL SCT;CAMT056 - SCT RECALL;SCT;sepa;10;A;N;0;E;0;0;0;0;0;0;0;0;0;0;0;0;0;0;0;0;0;0;0;1V;129;739;SCT RECALL;O;329;N;;N;;23;E;A;N;1.65;0;V;587;344;O;;;;;;O;;;
43;329;0;0;29/10/2010;31/12/1999;0;R.NEG.RECA;SCT RECALL NEGATIF;REPONSE NEGATIVE A LA DEMANDE DE RETOUR DE FONDS DE VIREMENT SEPA;99;Autres opérations;CAMT029;C29C;RECALL SCT;CAMT029 - SCT REPNEG RECALL;SCT;sepa;10;R;N;1;F;0;0;0;0;0;0;0;0;0;0;0;0;0;0;0;0;0;0;0;1W;129;739;SCT RECALL NEGATIF;N;;N;;N;;23;F;R;N;1.65;0;V;587;344;O;;;;;;O;;;
44;380;0;5;29/10/2010;18/09/2013;0;SDD;SDD;PRELEVEMENT SEPA;2;Prélèvements;PACS003;PS3D;SDD/SDD REVERSAL;PACS003 - SDD;SDD;sepa;20;A;D;1;U;1S;0;1T;0;0;0;0;0;0;0;0;0;0;0;0;0;0;0;0;1R;129;739;SDD;O;680;N;;O;615;23;U;A;D;1.66;0;P;587;344;O;;;;;;O;;;
45;410;0;0;01/12/2000;31/12/1999;0;AOCT MVT C;OP D ANNULATION MVT CREDT;;7;AOCT;;;;;;;0;A;D;1;A;11;0;0;D;0;0;0;0;0;0;0;0;0;0;4;4;0,78;0;0;10;101;739;OP D ANNULATION MVT CREDT;O;811;N;;N;;23;A;A;D;1.66;0;A;507;606;O;1;448;320;129;48;;N;;
46;411;0;0;01/12/2000;31/12/1999;0;AN REJ CT;ANNULATION DE REJET D OP CREDIT;;7;AOCT;;;;;;minos;0;A;D;2;A;8;0;0;D;0;0;0;0;0;0;0;0;0;0;4;4;0,78;0;0;7;101;739;ANNULATION DE REJET D OP CREDIT;O;812;N;;N;;23;A;A;D;1.66;0;A;587;606;O;2;576;320;257;176;;O;;
47;415;0;0;01/12/2000;31/12/1999;0;AOCT MVT D;OP D ANNULATION MVT DEBIT;;7;AOCT;;;;;;minos;0;A;C;1;A;16;0;0;D;0;0;0;0;0;0;0;0;0;0;4;4;0,78;0;0;15;129;739;OP D ANNULATION MVT DEBIT;O;816;N;;N;;23;A;A;C;1.65;0;A;587;606;O;1;448;320;129;48;;N;;
48;416;0;0;01/12/2000;31/12/1999;0;AN REJ DBT;ANNULATION DE REJET OP DEBITRICE;ANNULATION DE REJET OP DEBITRICE;7;AOCT;;;;;LCR;minos;0;A;C;2;A;13;0;0;D;0;0;0;0;0;0;0;0;0;0;4;4;0,78;0;0;9;101;739;ANNULATION DE REJET OP DEBITRICE;O;817;N;;N;;23;A;A;C;1.65;0;A;507;606;O;2;576;320;257;176;O;O;;
49;418;0;0;01/12/2000;31/12/1999;0;ANNUL.PEL;ANNULATION DEMANDE P.E.L.;;99;Autres opérations;;;;;;minos;0;A;N;0;X;4;0;0;0;0;0;0;0;0;0;0;0;0;0;0;0;0;0;0;3;999;739;ANNULATION DEMANDE P.E.L.;O;819;N;;N;;23;X;A;N;1.66;0;X;507;999;O;1;832;448;129;0;;N;;
50;420;0;0;02/01/2002;31/12/1999;0;ANN I CHEQ;ANNULATION IMAGE CHEQUE;ANNULATION IMAGE CHEQUE;7;AOCT;;;;;IC;minos;60;A;C;1;A;1D;0;0;0;0;0;0;0;0;0;0;0;0;0;0;0;0;0;0;1C;129;739;ANNULATION IMAGE CHEQUE;N;;N;;N;;23;A;A;C;1.65;0;I;587;304;O;1;640;256;385;304;O;N;;
51;421;0;0;02/01/2002;31/12/1999;0;ANN RJ IC;ANNULATION REJET IMAGE CHEQUE;ANNULATION REJET IMAGE CHEQUE;7;AOCT;;;;;IC;minos;60;A;C;1;A;1F;0;0;0;0;0;0;0;0;0;0;0;0;0;0;0;0;0;0;1E;129;739;ANNULATION REJET IMAGE CHEQUE;N;;N;;N;;23;A;A;C;1.65;0;I;587;306;O;2;832;256;577;496;O;O;;
52;429;0;0;01/12/2000;31/12/1999;0;VTS RECTIF;VIREMENTS RECTIFIES;;99;Autres opérations;;;;;;minos;10;R;N;0;C;0;0;0;0;0;0;0;0;0;0;0;0;0;0;0;0;0;0;0;23;129;739;VIREMENTS RECTIFIES;N;;N;;N;;23;C;R;N;1.65;0;C;587;335;O;1;576;320;257;0;;O;;
53;431;0;0;03/03/2008;31/12/1999;0;REJET IPP;REJ INITIALISATION PAIEMENT PEL;;99;Autres opérations;;;;;;minos;0;R;N;0;X;0;0;0;0;0;0;0;0;0;0;0;0;0;0;0;0;0;0;0;1N;129;739;REJ INITIALISATION PAIEMENT PEL;N;;N;;N;;23;X;R;N;1.65;0;X;507;0;O;1;832;448;129;48;;O;;
54;460;0;0;06/06/2002;31/12/1999;6;L.C.R. REJ;L.C.R. REJETEES;L.C.R. REJETEES;6;Rejets;;;;;LCR;minos;30;R;D;3;L;0;0;0;P;0;0;0;0;0;0;0;0;0;0;5;5;0,98;1,5;0;61;101;739;L.C.R. REJETEES;N;;N;;O;416;23;L;R;D;1.66;1;L;507;343;O;1;448;320;129;48;O;O;;
55;469;0;0;01/12/2000;31/12/1999;0;LCR RECTIF;L.C.R. RECTIFIEES;L.C.R. RECTIFIEES;99;Autres opérations;;;;;LCR;minos;30;R;N;0;C;0;0;0;0;0;0;0;0;0;0;0;0;0;0;0;0;0;0;0;63;118;739;L.C.R. RECTIFIEES;N;;N;;N;;23;C;R;N;1.66;0;C;507;340;O;1;576;320;257;176;O;O;;
56;470;0;0;06/06/2002;31/12/1999;7;TIP REJETE;T. I. P.  REJETES;;6;Rejets;;;;;;minos;20;R;D;2;P;0;0;0;P;0;0;0;0;0;0;0;0;0;0;5;5;0,98;1;0;71;101;739;T. I. P.  REJETES;N;;N;;O;416;23;P;R;D;1.66;0;P;507;343;O;1;448;320;129;0;;O;;
57;489;0;0;01/12/2000;31/12/1999;0;PTS RECTIF;PRELEVEMENTS RECTIFIES;;99;Autres opérations;;;;;;minos;20;R;N;0;C;0;0;0;0;0;0;0;0;0;0;0;0;0;0;0;0;0;0;0;83;101;739;PRELEVEMENTS RECTIFIES;N;;N;;N;;23;C;R;N;1.66;0;C;507;999;O;1;576;320;257;176;;O;;
58;520;0;0;06/06/2002;31/12/1999;0;VT PART.RJ;VTS PARTICULIERS REJETES;;6;Rejets;;;;;;minos;10;R;C;2;2;0;0;0;0;0;0;0;0;0;0;0;0;0;0;0;0;0;0;0;21;129;739;VIREMENTS REJETES;N;;N;;O;411;23;V;R;C;1.65;0;V;587;344;O;1;448;320;129;0;;O;;
59;521;0;0;01/07/2011;17/08/2011;0;REJET VRMT;REJET VIREMENT;;99;Autres opérations;;;;;;;0;;;0;;;;;;;;;;;;;;;;0;0;0;0;0;2E;129;739;REJET VIREMENT;N;;N;;N;;23;X;R;N;1.66;0;V;587;344;O;;;;;;;;;
60;560;0;0;30/09/2010;31/12/1999;4;REJET IC;REJET D IMAGE CHEQUE;REJET D IMAGE CHEQUE;6;Rejets;;;;;IC;minos;60;R;D;2;X;0;0;1E;0;0;0;0;0;0;0;0;0;0;0;0;0;0;0;0;1B;129;739;REJET D IMAGE CHEQUE;N;;N;;N;;23;X;R;D;1.66;0;I;507;305;O;1;640;256;385;304;O;O;;
61;580;0;0;06/06/2002;31/12/1999;0;PT REJETES;PRELEVTS SPECIAUX REJETES;;6;Rejets;;;;;;minos;20;R;D;2;4;0;0;0;P;0;0;0;0;0;0;0;0;0;0;5;5;0,98;0;0;81;101;739;PRELEVEMENTS REJETES;N;;N;;O;416;23;P;R;D;1.66;0;P;507;343;O;1;448;320;129;48;;O;;
62;581;0;0;06/06/2002;31/12/1999;7;REJET TEP;REJET TEP;;6;Rejets;;;;;;minos;20;R;D;2;P;0;0;0;P;0;0;0;0;0;0;0;0;0;0;5;5;0,98;1;0;88;101;739;REJET TEP;N;;N;;O;416;23;P;R;D;1.66;0;P;507;343;O;1;448;320;129;0;;O;;
63;615;0;0;29/10/2010;24/04/2014;0;SDD REVERS;SDD REVERSAL;REVERSEMENT DE PRELEVEMENT SEPA;99;Autres opérations;PACS007;PS7D;SDD/SDD REVERSAL;PACS007 - SDD REVERSAL;SDD;sepa;0;A;C;1;G;0;0;0;0;0;0;0;0;0;0;0;0;0;0;0;0;0;0;0;1T;129;739;SDD REVERSAL;N;;N;;N;;23;G;A;C;1.66;0;A;587;344;O;;;;;;O;;;
64;680;0;0;29/10/2010;10/07/2013;0;SDD REJECT;SDD REJECT;REJET DE PRELEVEMENT SEPA;6;Rejets;PACS002;PS2D;REJECT SCT/SDD;PACS002 - SDD REJET;SDD;sepa;20;R;D;1;X;0;0;0;0;0;0;0;0;0;0;0;0;0;0;0;0;0;0;0;1U;129;739;SDD REJECT;N;;N;;N;;23;X;R;D;1.66;0;P;587;344;O;;;;;;O;;;
65;720;0;0;22/01/2008;31/12/1999;0;RETURN;RETURN;RETOUR DE VIREMENT SEPA;6;Rejets;PACS004;PS4C;RETURN SCT/SDD;PACS004 - SCT RETURN;SCT;sepa;10;R;C;2;T;0;0;0;0;0;0;0;0;0;0;0;0;0;0;0;0;0;0;0;1P;129;739;RETURN;N;;N;;N;;23;T;R;C;1.65;0;V;587;344;O;;;;;;O;;;
66;780;0;0;29/10/2010;10/07/2013;0;SDD RETURN;SDD RETURN;RETOUR DE PRELEVEMENT SEPA (SDD RETURN/SDD REFUND);6;Rejets;PACS004;PS4D;RETURN SCT/SDD;PACS004 - SDD RETURN/REFUND;SDD;sepa;20;R;D;1;X;0;0;0;0;0;0;0;0;0;0;0;0;0;0;0;0;0;0;0;1S;129;739;SDD RETURN;N;;N;;N;;23;X;R;D;1.66;0;P;587;344;O;;;;;;O;;;
67;811;0;0;01/12/2000;31/12/1999;0;RJ AOCT MC;REJET AOCT MVT CREDIT;;6;Rejets;;;;;;minos;0;R;D;2;R;0;0;0;0;0;0;0;0;0;0;0;0;0;0;0;0;0;0;0;11;101;739;REJET AOCT MVT CREDIT;N;;N;;N;;23;R;R;D;1.66;0;A;507;608;O;2;576;320;257;176;;O;;
68;812;0;0;01/12/2000;31/12/1999;0;REJ 411;REJET ANN DE REJET OP CDT;;6;Rejets;;;;;;minos;0;R;D;2;R;0;0;0;0;0;0;0;0;0;0;0;0;0;0;0;0;0;0;0;8;101;739;REJET ANN DE REJET OP CDT;N;;N;;N;;23;R;R;D;1.66;0;A;587;608;O;3;832;320;385;304;;N;;
69;816;0;0;01/12/2000;31/12/1999;0;RJ AOCT MD;REJET AOCT MVT DEBIT;;6;Rejets;;;;;;minos;0;R;C;2;R;0;0;0;0;0;0;0;0;0;0;0;0;0;0;0;0;0;0;0;16;129;739;REJET AOCT MVT DEBIT;N;;N;;N;;23;R;R;C;1.65;0;A;587;608;O;2;576;320;257;176;;O;;
70;817;0;0;01/12/2000;31/12/1999;0;REJ 416;REJET ANN DE REJET OP DEBITRICE;;6;Rejets;;;;;;minos;0;R;C;2;R;0;0;0;0;0;0;0;0;0;0;0;0;0;0;0;0;0;0;0;13;101;739;REJET ANN DE REJET OP DEBITRICE;N;;N;;N;;23;R;R;C;1.65;0;A;507;608;O;3;832;320;385;304;;N;;
71;820;0;0;30/09/2010;31/12/1999;0;R ANN I CH;REJET ANNULATION IMAGE CHEQUE;REJET ANNULATION IMAGE CHEQUE;6;Rejets;;;;;IC;minos;60;R;C;1;R;0;0;0;0;0;0;0;0;0;0;0;0;0;0;0;0;0;0;0;1D;129;739;REJET ANNULATION IMAGE CHEQUE;N;;N;;N;;23;R;R;C;1.65;0;I;587;307;O;2;832;256;577;496;O;O;;
72;821;0;0;30/09/2010;31/12/1999;0;RJ AN RJ I;REJET D ANNUL DE REJET D IC;REJET D ANNUL DE REJET D IC;6;Rejets;;;;;IC;minos;60;R;C;2;R;0;0;0;0;0;0;0;0;0;0;0;0;0;0;0;0;0;0;0;1F;129;739;REJET D ANNUL DE REJET D IC;N;;N;;N;;23;R;R;C;1.65;0;I;587;308;O;3;1024;256;769;688;O;N;;
73;920;0;0;30/06/2011;30/06/2011;0;SCT REJECT;SCT REJECT;RESTITUTION DES ANOMALIES DE PRESENTATION SCT;99;Autres opérations;PACS002;PS2C;REJECT SCT/SDD;PACS002 - SCT REJTECH;SCT;sepa;10;R;N;1;X;0;0;0;0;0;0;0;0;0;0;0;0;0;0;0;0;0;0;0;2B;129;739;SCT REJECT;N;;N;;N;;23;X;R;N;1.66;0;V;587;344;O;;;;;;O;;;
74;920;0;0;01/07/2011;31/12/1999;0;SCT REJECT;SCT REJECT;RESTITUTION DES ANOMALIES DE PRESENTATION SCT;99;Autres opérations;PACS002;PS2C;REJECT SCT/SDD;PACS002 - SCT REJTECH;SCT;sepa;10;R;N;1;X;0;0;0;0;0;0;0;0;0;0;0;0;0;0;0;0;0;0;0;2B;129;739;SCT REJECT;N;;N;;N;;23;X;R;N;1.66;0;V;587;344;O;;;;;;O;;;
75;980;0;0;30/06/2011;25/07/2011;0;SDD REJECT;SDD REJECT;RESTITUTION DES ANOMALIES DE PRESENTATION SDD;99;Autres opérations;PACS002;PS2D;REJECT SCT/SDD;PACS002 - SDD REJTECH;SDD;sepa;20;R;N;1;X;0;0;0;0;0;0;0;0;0;0;0;0;0;0;0;0;0;0;0;8C;129;739;SDD REJECT;N;;N;;N;;23;X;R;N;1.66;0;P;587;344;O;;;;;;O;;;
76;980;0;0;26/07/2011;31/12/1999;0;SDD REJECT;SDD REJECT;RESTITUTION DES ANOMALIES DE PRESENTATION SDD;99;Autres opérations;PACS002;PS2D;REJECT SCT/SDD;PACS002 - SDD REJTECH;SDD;sepa;20;R;N;1;X;0;0;0;0;0;0;0;0;0;0;0;0;0;0;0;0;0;0;0;8C;129;739;SDD REJECT;N;;N;;N;;23;X;R;N;1.66;0;P;587;344;O;;;;;;O;;;
77;25;0;0;01/12/2000;31/12/1999;0;CT COMMISS;CT COMMISSIONS ET PRIMES;;99;Autres opérations;;;;;;;50;A;C;0;0;0;0;0;0;0;0;0;0;0;0;0;0;0;0;0;0;0;0;0;;;;;;;;;;;;;;;;;;;;;;;;;;;;;
78;26;0;0;01/12/2000;31/12/1999;0;DT COMMISS;DT COMMISSIONS ET FRAIS;;99;Autres opérations;;;;;;minos;50;A;D;0;0;0;0;0;0;0;0;0;0;0;0;0;0;0;0;0;0;0;0;0;;;;;;;;;;;;;;;;;;;;;;;;;;;;;
79;34;0;0;01/12/2000;31/12/1999;0;MVT ADMINI;MOUVEMENT ADMINISTRATIF;;99;Autres opérations;;;;;;;50;A;N;0;0;0;0;0;0;0;0;0;0;0;0;0;0;0;0;0;0;0;0;0;;;;;;;;;;;;;;;;;;;;;;;;;;;;;
80;37;0;0;01/12/2000;31/12/1999;0;DEBIT PORT;DEBIT PORT. F/ACH FR/ETRA;;99;Autres opérations;;;;;;;50;A;D;0;0;38;0;0;0;0;0;0;0;0;0;0;0;0;0;0;0;0;0;0;;;;;;;;;;;;;;;;;;;;;;;;;;;;;
81;45;0;0;01/12/2000;31/12/1999;0;AVOIR PORT;AVOIR PORT.F/ACH.FR.ETRAN;;99;Autres opérations;;;;;;;50;A;C;0;0;46;0;0;0;0;0;0;0;0;0;0;0;0;0;0;0;0;0;0;;;;;;;;;;;;;;;;;;;;;;;;;;;;;
82;47;0;0;01/12/2000;31/12/1999;0;RETRAIT ES;RETRAIT ESPECES G.FR/ETRA;;99;Autres opérations;;;;;;;4;A;D;0;0;48;0;0;0;0;0;0;0;0;0;0;0;0;0;0;0;0;0;0;;;;;;;;;;;;;;;;;;;;;;;;;;;;;
83;52;0;0;01/12/2000;31/12/1999;0;AVOIR PORT;AVOIR PORTEUR FACT CREDIT;;99;Autres opérations;;;;;;;50;A;C;0;0;54;0;0;0;0;0;0;0;0;0;0;0;0;0;0;0;0;0;0;;;;;;;;;;;;;;;;;;;;;;;;;;;;;
84;56;0;0;01/12/2000;31/12/1999;0;DEPAN. ESP;DEPAN. ESPECES GUICHET;;99;Autres opérations;;;;;;;50;A;D;0;0;58;0;0;0;0;0;0;0;0;0;0;0;0;0;0;0;0;0;0;;;;;;;;;;;;;;;;;;;;;;;;;;;;;
85;96;0;2;01/12/2000;31/12/1999;0;DEPANNAGE;DEPANNAGE ESPECES;;99;Autres opérations;;;;;;;50;A;D;0;0;98;0;0;0;0;0;0;0;0;0;0;0;0;0;0;0;0;0;0;;;;;;;;;;;;;;;;;;;;;;;;;;;;;
86;150;0;0;01/12/2000;31/12/1999;0;DEBIT PORT;DEBIT PORTEUR FACT. ACHAT;;99;Autres opérations;;;;;;;50;A;D;0;0;53;0;0;0;0;0;0;0;0;0;0;0;0;0;0;0;0;0;0;;;;;;;;;;;;;;;;;;;;;;;;;;;;;
87;160;0;1;25/09/2006;31/12/1999;0;IC NCIRC 0;IMAGE CHEQUE;IMAGE CHEQUE;5;Images chèques;;;;;IC;minos;0;;;0;;;;;;;;;;;;;;;;0;0;0;0;0;;;;;;;;;;;;;;;;;;;;;;;;;;O;;;
88;160;2;1;25/09/2006;31/12/1999;0;IC CIRC 2;IMAGE CHEQUE;IMAGE CHEQUE;5;Images chèques;;;;;IC;minos;0;;;0;;;;;;;;;;;;;;;;0;0;0;0;0;;;;;;;;;;;;;;;;;;;;;;;;;;O;;;
89;160;3;1;25/09/2006;31/12/1999;0;IC CIRC 3;IMAGE CHEQUE;IMAGE CHEQUE;5;Images chèques;;;;;IC;minos;0;;;0;;;;;;;;;;;;;;;;0;0;0;0;0;;;;;;;;;;;;;;;;;;;;;;;;;;O;;;
90;160;4;1;25/09/2006;31/12/1999;0;IC CIRC 4;IMAGE CHEQUE;IMAGE CHEQUE;5;Images chèques;;;;;IC;minos;0;;;0;;;;;;;;;;;;;;;;0;0;0;0;0;;;;;;;;;;;;;;;;;;;;;;;;;;O;;;
91;160;5;1;25/09/2006;31/12/1999;0;IC NCIRC 5;IMAGE CHEQUE;IMAGE CHEQUE;5;Images chèques;;;;;IC;minos;0;;;0;;;;;;;;;;;;;;;;0;0;0;0;0;;;;;;;;;;;;;;;;;;;;;;;;;;O;;;
92;166;1;0;30/09/2010;31/12/1999;0;DTC RECTO;DEMANDE TELECOPIE CHEQUE;DEMANDE TELECOPIE CHEQUE;99;Autres opérations;;;;;IC;minos;0;;;0;;;;;;;;;;;;;;;;0;0;0;0;0;;;;;;;;;;;;;;;;;;;;;1;640;256;385;304;O;O;;
93;166;2;0;30/09/2010;31/12/1999;0;DTC RECVER;DEMANDE TELECOPIE CHEQUE;DEMANDE TELECOPIE CHEQUE;99;Autres opérations;;;;;IC;minos;0;;;0;;;;;;;;;;;;;;;;0;0;0;0;0;;;;;;;;;;;;;;;;;;;;;1;640;256;385;304;O;O;;
94;166;3;0;30/09/2010;31/12/1999;0;DTC ORIGIN;DEMANDE TELECOPIE CHEQUE;DEMANDE TELECOPIE CHEQUE;99;Autres opérations;;;;;IC;minos;0;;;0;;;;;;;;;;;;;;;;0;0;0;0;0;;;;;;;;;;;;;;;;;;;;;1;640;256;385;304;O;O;;
95;190;0;0;01/12/2000;31/12/1999;0;DAB CB;RETRAITS DAB C. BANCAIRES;;99;Autres opérations;;;;;;;40;A;D;0;0;91;0;15;0;0;0;0;0;0;0;0;0;0;0;0;0;0;0;0;;;;;;;;;;;;;;;;;;;;;;;;;;;;;
96;192;0;2;01/12/2000;31/12/1999;0;DEBIT PORT;DEBIT PORTEUR FACT. ACHAT;;99;Autres opérations;;;;;;;50;A;D;0;0;93;0;0;0;0;0;0;0;0;0;0;0;0;0;0;0;0;0;0;;;;;;;;;;;;;;;;;;;;;;;;;;;;;
97;194;0;2;01/12/2000;31/12/1999;0;AVOIR PORT;AVOIR PORTEUR FACT.CREDIT;;99;Autres opérations;;;;;;;50;A;C;0;0;95;0;0;0;0;0;0;0;0;0;0;0;0;0;0;0;0;0;0;;;;;;;;;;;;;;;;;;;;;;;;;;;;;
98;412;0;0;01/12/2000;31/12/1999;0;ANNUL.OPE.;ANNUL.OPE.CARTE CREDIT;;99;Autres opérations;;;;;;;50;A;D;0;0;14;0;0;0;0;0;0;0;0;0;0;0;0;0;0;0;0;0;0;;;;;;;;;;;;;;;;;;;;;;;;;;;;;
99;417;0;0;01/12/2000;31/12/1999;0;ANNUL.OPE.;ANNUL.OPE.CARTE DEBIT;;99;Autres opérations;;;;;;;50;A;C;0;0;18;0;0;0;0;0;0;0;0;0;0;0;0;0;0;0;0;0;0;;;;;;;;;;;;;;;;;;;;;;;;;;;;;
100;430;0;0;01/12/2000;31/12/1999;0;REJET PEL;REJET DEMANDE PRIME EPARG.LOGEM.;;99;Autres opérations;;;;;;minos;0;R;N;0;0;0;0;0;0;0;0;0;0;0;0;0;0;0;0;0;0;0;0;0;;;;;;;;;;;;;;;;;;;;;1;832;448;129;48;;O;;
101;437;0;2;01/12/2000;31/12/1999;0;REJET DEBI;REJET DEBIT F/ACH FR/ETRA;;99;Autres opérations;;;;;;;50;R;D;0;0;0;0;0;0;0;0;0;0;0;0;0;0;0;0;0;0;0;0;0;;;;;;;;;;;;;;;;;;;;;;;;;;;;;
102;445;0;2;01/12/2000;31/12/1999;0;REJET AV.P;REJET AV.PORT.F/ACH.FR/ET;;99;Autres opérations;;;;;;;50;R;C;0;0;0;0;0;0;0;0;0;0;0;0;0;0;0;0;0;0;0;0;0;;;;;;;;;;;;;;;;;;;;;;;;;;;;;
103;447;0;2;01/12/2000;31/12/1999;0;REJET RETR;REJET RETRAIT ESP.G.FR/ET;;99;Autres opérations;;;;;;;4;R;D;0;0;0;0;0;0;0;0;0;0;0;0;0;0;0;0;0;0;0;0;0;;;;;;;;;;;;;;;;;;;;;;;;;;;;;
104;452;0;0;01/12/2000;31/12/1999;0;REJET AVOI;REJET AVOIR PORT.F.CREDIT;;99;Autres opérations;;;;;;;50;R;C;0;0;0;0;0;0;0;0;0;0;0;0;0;0;0;0;0;0;0;0;0;;;;;;;;;;;;;;;;;;;;;;;;;;;;;
105;456;0;0;01/12/2000;31/12/1999;0;RJ DEP ESP;REJET DEPAN.ESPECES GUICH;;99;Autres opérations;;;;;;;50;R;D;0;0;0;0;0;0;0;0;0;0;0;0;0;0;0;0;0;0;0;0;0;;;;;;;;;;;;;;;;;;;;;;;;;;;;;
106;496;0;0;01/12/2000;31/12/1999;0;REJET DEPA;REJET DEPANNAGE ESPECES;;99;Autres opérations;;;;;;;50;R;D;0;0;0;0;0;0;0;0;0;0;0;0;0;0;0;0;0;0;0;0;0;;;;;;;;;;;;;;;;;;;;;;;;;;;;;
107;550;0;0;01/12/2000;31/12/1999;0;RJT DEB.PO;REJET DEBIT PORT.F. ACHAT;;99;Autres opérations;;;;;;;50;R;D;0;0;0;0;0;0;0;0;0;0;0;0;0;0;0;0;0;0;0;0;0;;;;;;;;;;;;;;;;;;;;;;;;;;;;;
108;590;0;0;01/12/2000;31/12/1999;0;DAB REJETE;RETRAITS D.A.B. REJETES;;99;Autres opérations;;;;;;minos;40;R;D;0;0;0;0;0;0;0;0;0;0;0;0;0;0;0;0;0;0;0;0;0;;;;;;;;;;;;;;;;;;;;;1;448;320;129;48;N;O;;
109;592;0;0;01/12/2000;31/12/1999;0;REJET DEBI;REJET DEBIT PORT.FACT.ACH;;99;Autres opérations;;;;;;;50;R;D;0;0;0;0;0;0;0;0;0;0;0;0;0;0;0;0;0;0;0;0;0;;;;;;;;;;;;;;;;;;;;;;;;;;;;;
110;594;0;0;01/12/2000;31/12/1999;0;REJET AVOI;REJET AVOIR PORT.F.CREDIT;;99;Autres opérations;;;;;;;50;R;C;0;0;0;0;0;0;0;0;0;0;0;0;0;0;0;0;0;0;0;0;0;;;;;;;;;;;;;;;;;;;;;;;;;;;;;
111;814;0;0;01/12/2000;31/12/1999;0;REJET ANNU;REJET ANNUL.OPE.CARTE CDT;;99;Autres opérations;;;;;;;50;R;D;0;0;0;0;0;0;0;0;0;0;0;0;0;0;0;0;0;0;0;0;0;;;;;;;;;;;;;;;;;;;;;;;;;;;;;
112;818;0;0;01/12/2000;31/12/1999;0;REJET ANNU;REJET ANNUL.OPE.CARTE DBT;;99;Autres opérations;;;;;;;50;R;C;0;0;0;0;0;0;0;0;0;0;0;0;0;0;0;0;0;0;0;0;0;;;;;;;;;;;;;;;;;;;;;;;;;;;;;
113;819;0;0;01/12/2000;31/12/1999;0;REJ.AN.PEL;REJET ANNULATION P.E.L.;;99;Autres opérations;;;;;;minos;0;R;N;0;0;0;0;0;0;0;0;0;0;0;0;0;0;0;0;0;0;0;0;0;;;;;;;;;;;;;;;;;;;;;2;832;448;257;176;;O;;
114;521;0;0;18/08/2011;30/12/2014;0;RTECH VRMT;REJET TECHN VIREMENT 160;;99;Autres opérations;;;;;;;10;R;N;1;X;0;0;0;0;0;0;0;0;0;0;0;0;0;0;0;0;0;0;0;2E;129;739;REJET TECHN VIREMENT 160;N;;N;;N;;23;X;R;N;1.66;0;V;587;344;O;;;;;;;;;
115;386;0;0;12/01/2012;04/06/2012;0;ANN SDD RF;ANNULATION SDD RFC;ANNULATION SDD AVANT RÈGLEMENT DU SYSTÈME ABE-STEP2;7;AOCT;CAMT056;C56D;RECALL SDD;CAMT056 - SDD RECALL S2;SDD;sepa;0;A;C;1;K;0;0;0;0;0;0;0;0;0;0;0;0;0;0;0;0;0;0;0;1X;129;739;ANNULATION SDD RFC;N;;N;;N;;23;K;A;C;1.66;0;P;587;344;O;;;;;;O;;;
116;386;0;0;05/06/2012;05/02/2013;0;ANN SDD;ANNULATION SDD;ANNULATION SDD AVANT RÈGLEMENT DU SYSTÈME ABE-STEP2;7;AOCT;CAMT056;C56D;RECALL SDD;CAMT056 - SDD RECALL S2;SDD;sepa;0;;;0;;;;;;;;;;;;;;;;0;0;0;0;0;1X;129;739;ANNULATION SDD;N;;N;;N;;23;K;A;C;1.66;0;P;587;344;O;;;;;;O;;;
117;140;0;0;10/07/2012;31/12/1999;0;RETR DAB;RETRAIR DAB;;99;Autres opérations;;;;;;minos;40;A;D;1;X;2H;0;0;0;0;0;0;0;0;0;0;0;0;0;0;0;0;0;0;;;;;;;;;;;;;;;;;;;;;;;;;;;;;
118;408;0;0;10/07/2012;31/12/1999;0;ANNUL DAB;ANNUL OP CARTE RETRAIT DAB;;99;Autres opérations;;;;;;minos;40;A;C;0;X;2J;0;0;0;0;0;0;0;0;0;0;0;0;0;0;0;0;0;0;;;;;;;;;;;;;;;;;;;;;;;;;;;;;
119;540;0;0;10/07/2012;31/12/1999;0;REJRETDAB;REJET RETRAIT DAB;;99;Autres opérations;;;;;;minos;40;R;D;0;X;0;0;0;0;0;0;0;0;0;0;0;0;0;0;0;0;0;0;0;;;;;;;;;;;;;;;;;;;;;;;;;;;;;
120;808;0;0;10/07/2012;31/12/1999;0;REJANNLDAB;REJET D ANNUL OP RETRAIT DAB;;99;Autres opérations;;;;;;minos;40;R;C;1;X;0;0;0;0;0;0;0;0;0;0;0;0;0;0;0;0;0;0;0;;;;;;;;;;;;;;;;;;;;;;;;;;;;;
-99;808;0;0;01/10/2007;31/12/1999;;RJ ANN DAB;REJET ANNULATION RETRAIT DAB;;99;Autres opérations;;;;;;minos;;;;;;;;;;;;;;;;;;;;;;;;;;;;;;;;;;;;;;;;;;;;;;;;;;;;;
-98;408;0;0;01/10/2007;31/12/1999;;ANN DAB;ANNULATION DE RETRAIT DAB;;99;Autres opérations;;;;;;minos;;;;;;;;;;;;;;;;;;;;;;;;;;;;;;;;;;;;;;;;;;;;;;;;;;;;;
-97;540;0;0;01/10/2007;31/12/1999;;RJ DAB;REJET DE RETRAIT DAB;;99;Autres opérations;;;;;;minos;;;;;;;;;;;;;;;;;;;;;;;;;;;;;;;;;;;;;;;;;;;;;;;;;;;;;
-96;140;9002;0;01/10/2007;31/12/1999;;DAB REPIM;RETRAIT DAB REPRESENT IMPAYE;;99;Autres opérations;;;;;;minos;;;;;;;;;;;;;;;;;;;;;;;;;;;;;;;;;;;;;;;;;;;;;;;;;;;;;
-95;140;9000;0;01/01/2000;31/12/1999;;DAB INIT;RETRAIT DAB PRESENT INITIALE;;99;Autres opérations;;;;;;minos;;;;;;;;;;;;;;;;;;;;;;;;;;;;;;;;;;;;;;;;;;;;;;;;;;;;;
121;330;0;0;15/10/2012;31/12/1999;0;ACVS/ SCTR;SCT REVERSAL ACVS;ANNULATION COMPTABLE DE VIREMENT SCT;7;AOCT;PACS007;PS7C;SCTR;PACS007 - SCT REVERSAL;SCT;sepa;0;A;D;1;M;2L;0;0;0;0;0;0;0;0;0;0;0;0;0;0;0;0;0;0;2K;101;739;SCT REVERSAL ACVS;O;730;N;;N;;23;M;A;D;1.66;0;A;507;344;O;;;;;;O;;;
122;730;0;0;15/10/2012;10/07/2013;0;REJET SCTR;RETURN DE SCTR;RETOUR D'ANNULATION COMPTABLE DE VIREMENT SCT;6;Rejets;PACS004;P47C;RETURN SCTR;PACS047 - RETURN SCT REVERSAL;SCT;sepa;0;R;D;1;T;0;0;0;0;0;0;0;0;0;0;0;0;0;0;0;0;0;0;0;2L;101;739;RETURN DE SCTR;N;;N;;N;;23;T;R;D;1.65;0;A;507;344;O;;;;;;O;;;
123;320;1;0;13/11/2012;18/09/2013;0;VIRINS;SCT INSAISISSABLES;VIREMENT SEPA;1;Virements;PACS008;PS8C;SCT;PACS008 - SCT;SCT;sepa;10;A;C;1;S;1P;0;0;0;0;0;0;0;0;0;0;0;0;0;0;0;0;0;0;2P;129;739;SCT INSAISISSABLES;O;720;N;;N;;23;S;A;C;1.65;0;V;587;335;O;;;;;;O;;;
124;320;3;0;13/11/2012;18/09/2013;0;APLINS;SCT APL INSAISISSABLES;VIREMENT SEPA;1;Virements;PACS008;PS8C;SCT;PACS008 - SCT;SCT;sepa;10;A;C;1;S;1P;0;0;0;0;0;0;0;0;0;0;0;0;0;0;0;0;0;0;2Q;129;739;SCT APL INSAISISSABLES;O;720;N;;N;;23;S;A;C;1.65;0;V;587;335;O;;;;;;O;;;
125;340;0;0;30/10/2012;28/11/2012;0;CAI DE SCT;CHANGEMENT DOM SUR CST;CHANGEMENT D'IDENTIFIANT DE COMPTE SCT;99;Autres opérations;ACMT22;ACMTI;CAI SCT;ACMTI22 - CAI SCT;SCT;sepa;10;R;N;0;O;0;0;0;0;0;0;0;0;0;0;0;0;0;0;0;0;0;0;0;2M;129;739;CHANGEMENT DOM SUR CST;N;;N;;N;;23;O;R;N;1.65;0;C;587;344;O;;;;;;O;;;
126;390;0;0;30/10/2012;28/11/2012;0;CAI DE SDD;CHANGEMENT DOM DE SDD;CHANGEMENT D'IDENTIFIANT DE COMPTE SDD;99;Autres opérations;ACMT22;ACMTI;CAI SDD;ACMTI22 - CAI SDD;SDD;sepa;20;R;N;0;Q;0;0;0;0;0;0;0;0;0;0;0;0;0;0;0;0;0;0;0;2N;129;739;CHANGEMENT DOM DE SDD;N;;N;;N;;23;Q;R;N;1.66;0;C;587;344;O;;;;;;O;;;
127;340;0;0;29/11/2012;14/01/2013;0;CAI DE SCT;CHANGEMENT DOM SUR CST;CHANGEMENT D'IDENTIFIANT DE COMPTE SCT;99;Autres opérations;ACMT22;ACMTI;CAI SCT;ACMTI22 - CAI SCT;SCT;sepa;10;R;N;0;O;0;0;0;0;0;0;0;0;0;0;0;0;0;0;0;0;0;0;0;2M;129;739;CHANGEMENT DOM SUR CST;N;;N;;N;;23;O;R;N;1.65;0;C;587;344;O;;;;;;O;;;
128;390;0;0;29/11/2012;31/12/1999;0;CAI DE SDD;CHANGEMENT DOM DE SDD;CHANGEMENT D'IDENTIFIANT DE COMPTE SDD;99;Autres opérations;ACMT22;ACMTI;CAI SDD;ACMTI22 - CAI SDD;SDD;sepa;20;R;N;0;Q;0;0;0;0;0;0;0;0;0;0;0;0;0;0;0;0;0;0;0;2N;129;739;CHANGEMENT DOM DE SDD;N;;N;;N;;23;Q;R;N;1.66;0;C;587;344;O;;;;;;O;;;
129;340;0;0;15/01/2013;31/12/1999;0;CAI DE SCT;CHANGEMENT DOM SUR SCT;CHANGEMENT D'IDENTIFIANT DE COMPTE SCT;99;Autres opérations;ACMT22;ACMTI;CAI SCT;ACMTI22 - CAI SCT;SCT;sepa;10;R;N;0;O;0;0;0;0;0;0;0;0;0;0;0;0;0;0;0;0;0;0;0;2M;129;739;CHANGEMENT DOM SUR SCT;N;;N;;N;;23;O;R;N;1.65;0;C;587;344;O;;;;;;O;;;
130;386;0;0;06/02/2013;31/12/1999;0;ANN SDD;ANNULATION SDD;ANNULATION SDD AVANT RÈGLEMENT DU SYSTÈME ABE-STEP2;7;AOCT;CAMT056;C56D;RECALL SDD;CAMT056 - SDD RECALL S2;SDD;sepa;0;A;C;1;K;0;0;0;0;0;0;0;0;0;0;0;0;0;0;0;0;0;0;0;1X;129;739;ANNULATION SDD;N;;N;;N;;23;K;A;C;1.66;0;P;587;344;O;;;;;;O;;;
131;680;0;0;11/07/2013;31/12/1999;0;SDD REJECT;SDD REJECT;REJET DE PRELEVEMENT SEPA;6;Rejets;PACS002;PS2D;REJECT SCT/SDD;PACS002 - SDD REJET;SDD;sepa;20;R;D;1;I;0;0;0;0;0;0;0;0;0;0;0;0;0;0;0;0;0;0;0;1U;129;739;SDD REJECT;N;;N;;N;;23;I;R;D;1.66;0;P;587;344;O;;;;;;O;;;
132;730;0;0;11/07/2013;18/09/2013;0;REJET SCTR;RETURN DE SCTR;RETOUR D'ANNULATION COMPTABLE DE VIREMENT SCT;6;Rejets;PACS004;P47C;RETURN SCTR;PACS047 - RETURN SCT REVERSAL;SCT;sepa;0;R;D;1;Y;0;0;0;0;0;0;0;0;0;0;0;0;0;0;0;0;0;0;0;2L;101;739;RETURN DE SCTR;N;;N;;N;;23;Y;R;D;1.65;0;A;507;344;O;;;;;;O;;;
133;780;0;0;11/07/2013;31/12/1999;0;SDD RETURN;SDD RETURN;RETOUR DE PRELEVEMENT SEPA (SDD RETURN/SDD REFUND);6;Rejets;PACS004;PS4D;RETURN SCT/SDD;PACS004 - SDD RETURN/REFUND;SDD;sepa;20;R;D;1;J;0;0;0;0;0;0;0;0;0;0;0;0;0;0;0;0;0;0;0;1S;129;739;SDD RETURN;N;;N;;N;;23;J;R;D;1.66;0;P;587;344;O;;;;;;O;;;
134;320;0;0;19/09/2013;31/12/1999;0;SCT;VIREMENT SEPA;VIREMENT SEPA;1;Virements;PACS008;PS8C;SCT;PACS008 - SCT;SCT;sepa;10;A;C;1;S;1P;0;0;0;0;0;0;0;0;0;0;0;0;0;0;0;0;0;0;1Q;129;739;VIREMENT SEPA;O;720;O;340;N;;23;S;A;C;1.65;0;V;587;335;O;;;;;;O;;;
135;320;1;0;19/09/2013;31/12/1999;0;VIRINS;SCT INSAISISSABLES;VIREMENT SEPA;1;Virements;PACS008;PS8C;SCT;PACS008 - SCT;SCT;sepa;10;A;C;1;S;1P;0;0;0;0;0;0;0;0;0;0;0;0;0;0;0;0;0;0;2P;129;739;SCT INSAISISSABLES;O;720;O;340;N;;23;S;A;C;1.65;0;V;587;335;O;;;;;;O;;;
136;320;3;0;19/09/2013;31/12/1999;0;APLINS;SCT APL INSAISISSABLES;VIREMENT SEPA;1;Virements;PACS008;PS8C;SCT;PACS008 - SCT;SCT;sepa;10;A;C;1;S;1P;0;0;0;0;0;0;0;0;0;0;0;0;0;0;0;0;0;0;2Q;129;739;SCT APL INSAISISSABLES;O;720;O;340;N;;23;S;A;C;1.65;0;V;587;335;O;;;;;;O;;;
137;380;0;5;19/09/2013;31/12/1999;0;SDD;SDD;PRELEVEMENT SEPA;2;Prélèvements;PACS003;PS3D;SDD/SDD REVERSAL;PACS003 - SDD;SDD;sepa;20;A;D;1;U;1S;0;1T;0;0;0;0;0;0;0;0;0;0;0;0;0;0;0;0;1R;129;739;SDD;O;680;O;390;O;615;23;U;A;D;1.66;0;P;587;344;N;;;;;;O;;;
138;730;0;0;19/09/2013;31/12/1999;0;RETURN ACV;RETURN ACVS;RETOUR D'ANNULATION COMPTABLE DE VIREMENT SCT;6;Rejets;PACS004;P47C;RETURN SCTR;PACS047 - RETURN SCT REVERSAL;SCT;sepa;0;R;D;1;Y;0;0;0;0;0;0;0;0;0;0;0;0;0;0;0;0;0;0;0;2L;101;739;RETURN ACVS;N;;N;;N;;23;Y;R;D;1.65;0;A;507;344;O;;;;;;O;;;
139;380;2;5;29/01/2014;31/12/1999;0;SDD IMPOTS;SDD IMPOTS;PRELEVEMENT SEPA;2;Prélèvements;PACS003;PS3D;SDD/SDD REVERSAL;PACS003 - SDD;SDD;sepa;20;A;D;1;U;1S;0;1T;0;0;0;0;0;0;0;0;0;0;0;0;0;0;0;0;2R;129;739;SDD IMPOTS;O;680;O;390;O;615;23;U;A;D;1.66;0;P;587;344;N;;;;;;O;;;
140;680;2;0;29/01/2014;31/12/1999;0;SDD REJ IM;SDD REJECT IMPOT;REJET DE PRELEVEMENT SEPA;6;Rejets;PACS002;PS2D;REJECT SCT/SDD;PACS002 - SDD REJET;SDD;sepa;20;R;D;1;I;0;0;0;0;0;0;0;0;0;0;0;0;0;0;0;0;0;0;0;2U;129;739;SDD REJECT IMPOT;N;;N;;N;;23;I;R;D;1.66;0;P;587;344;O;;;;;;O;;;
141;780;2;0;29/01/2014;31/12/1999;0;SDD RET IM;SDD RETURN IMPOT;RETOUR DE PRELEVEMENT SEPA (SDD RETURN/SDD REFUND);6;Rejets;PACS004;PS4D;RETURN SCT/SDD;PACS004 - SDD RETURN/REFUND;SDD;sepa;20;R;D;1;J;0;0;0;0;0;0;0;0;0;0;0;0;0;0;0;0;0;0;0;2S;129;739;SDD RETURN IMPOT;N;;N;;N;;23;J;R;D;1.66;0;P;587;344;O;;;;;;O;;;
142;782;0;0;29/01/2014;23/03/2014;0;SDD REFUN;SDD REFUND;;6;Rejets;;;;;;;20;R;D;1;J;0;0;0;0;0;0;0;0;0;0;0;0;0;0;0;0;0;0;0;1Y;129;739;SDD REFUND;N;;N;;N;;23;J;R;D;1.66;0;P;587;344;O;;;;;;;;;
143;782;2;0;29/01/2014;31/12/1999;0;SDD REF IM;SDD REFUND IMPOT;;6;Rejets;;;;;;;20;R;D;1;J;0;0;0;0;0;0;0;0;0;0;0;0;0;0;0;0;0;0;0;2Y;129;739;SDD REFUND IMPOT;N;;N;;N;;23;J;R;D;1.66;0;P;587;344;O;;;;;;;;;
144;980;2;0;29/01/2014;31/12/1999;0;SDD REJ IM;SDD REJECT IMPOTS;RESTITUTION DES ANOMALIES DE PRESENTATION SDD;99;Autres opérations;PACS002;PS2D;REJECT SCT/SDD;PACS002 - SDD REJTECH;SDD;sepa;20;R;N;1;X;0;0;0;0;0;0;0;0;0;0;0;0;0;0;0;0;0;0;0;8F;129;739;SDD REJECT IMPOTS;N;;N;;N;;23;X;R;N;1.66;0;P;587;344;O;;;;;;O;;;
145;782;0;0;24/03/2014;31/12/1999;0;SDD REFUND;SDD REFUND;;6;Rejets;;;;;;;20;R;D;1;J;0;0;0;0;0;0;0;0;0;0;0;0;0;0;0;0;0;0;0;1Y;129;739;SDD REFUND;N;;N;;N;;23;J;R;D;1.66;0;P;587;344;O;;;;;;;;;
146;326;0;0;25/04/2014;31/12/1999;0;SCT RECALL;SCT RECALL;DEMANDE DE RETOUR DE FONDS DE VIREMENT SEPA;7;AOCT;CAMT056;C56C;RECALL SCT;CAMT056 - SCT RECALL;SCT;sepa;10;A;N;0;E;0;0;0;0;0;0;0;0;0;0;0;0;0;0;0;0;0;0;0;1V;129;739;SCT RECALL;O;329;N;;N;;23;E;A;N;1.65;0;V;587;344;O;;;;;;O;;;
147;615;0;0;25/04/2014;31/12/1999;0;SDD REVERS;SDD REVERSAL;REVERSEMENT DE PRELEVEMENT SEPA;7;AOCT;PACS007;PS7D;SDD/SDD REVERSAL;PACS007 - SDD REVERSAL;SDD;sepa;0;A;C;1;G;0;0;0;0;0;0;0;0;0;0;0;0;0;0;0;0;0;0;0;1T;129;739;SDD REVERSAL;N;;N;;N;;23;G;A;C;1.66;0;A;587;344;O;;;;;;O;;;
148;521;0;0;31/12/2014;31/12/1999;0;RTECH MINO;REJET TECHN OP MINOS;;99;Autres opérations;;;;;;;10;R;N;1;X;0;0;0;0;0;0;0;0;0;0;0;0;0;0;0;0;0;0;0;2E;129;739;REJET TECHN OP MINOS;N;;N;;N;;23;X;R;N;1.66;0;V;587;344;O;;;;;;;;;
149;386;2;0;18/05/2015;31/12/1999;0;ANNSDDIMP;ANNULATION SDD IMPOT;ANNULATION SDD AVANT RÈGLEMENT DU SYSTÈME ABE-STEP2;7;AOCT;CAMT056;C56D;RECALL SDD;CAMT056 - SDD RECALL S2;SDD;sepa;0;A;C;1;K;0;0;0;0;0;0;0;0;0;0;0;0;0;0;0;0;0;0;0;2V;129;739;ANNULATION SDD IMPOT;N;;N;;N;;23;K;A;C;1.66;0;P;587;344;O;;;;;;O;;;
150;615;2;0;18/05/2015;31/12/1999;0;SDDREVIMP;SDD REVERSAL IMPOT;REVERSEMENT DE PRELEVEMENT SEPA;7;AOCT;PACS007;PS7D;SDD/SDD REVERSAL;PACS007 - SDD REVERSAL;SDD;sepa;0;A;C;1;G;0;0;0;0;0;0;0;0;0;0;0;0;0;0;0;0;0;0;0;2T;129;739;SDD REVERSAL IMPOT;N;;N;;N;;23;G;A;C;1.66;0;A;587;344;O;;;;;;O;;;
151;381;0;1;29/06/2015;31/12/1999;0;B2BSDDFO;SDD B2B FIRST OU ONE OFF;PRELEVEMENT SEPA SDD B2B FIRST / ONE OFF;2;Prélèvements;PACS003;PS3D;SDD/SDD REVERSAL;PACS003 - SDD B2B FIRST / ONE OFF;SDD;sepa;20;A;D;1;U;3T;2N;2I;0;0;0;0;0;0;0;0;0;0;0;0;0;0;0;0;2A;129;739;SDD B2B FIRST OU ONE OFF;O;681;O;390;O;616;23;U;A;D;1.66;0;P;587;344;N;;;;;;O;;;
152;382;0;1;29/06/2015;31/12/1999;0;B2BSDDRF;SDD B2BRECURRENT OU FINAL;PRELEVEMENT SEPA SDD B2B RECURRENT / FINAL;2;Prélèvements;PACS003;PS3D;SDD/SDD REVERSAL;PACS003 - SDD B2B RECURRENT / FINAL;SDD;sepa;20;A;D;1;U;3T;2N;2I;0;0;0;0;0;0;0;0;0;0;0;0;0;0;0;0;2C;129;739;SDD B2BRECURRENT OU FINAL;O;681;O;390;O;616;23;U;A;D;1.66;0;P;587;344;N;;;;;;N;;;
153;383;0;2;29/06/2015;31/12/1999;0;SDD;SDD RCUR ET FNAL;;2;Prélèvements;;;;;;;20;A;D;1;U;1S;2N;1T;0;0;0;0;0;0;0;0;0;0;0;0;0;0;0;0;3R;129;739;SDD RCUR ET FNAL;O;680;O;390;O;615;23;U;A;D;1.66;0;P;587;344;N;;;;;;;;;
154;383;2;2;29/06/2015;31/12/1999;0;SDD SPECIF;SDD SPECIFTRESOR FNAL ET RCUR;;2;Prélèvements;;;;;;;20;A;D;1;U;1S;2N;1T;0;0;0;0;0;0;0;0;0;0;0;0;0;0;0;0;4R;129;739;SDD SPECIFTRESOR FNAL ET RCUR;O;680;O;390;O;615;23;U;A;D;1.66;0;P;587;344;N;;;;;;;;;
155;387;0;0;29/06/2015;31/12/1999;0;B2BSDDCAN;ANNULATION DE SDD B2B;ANNULATION SDD B2B AVANT REGLEMENT SYSTÈME ABE-STEP2 ;7;AOCT;CAMT056;C56D;RECALL SDD;CAMT056 - SDD B2B RECALL S2;SDD;sepa;0;A;C;1;K;0;0;0;0;0;0;0;0;0;0;0;0;0;0;0;0;0;0;0;2D;129;739;ANNULATION DE SDD B2B;N;;N;;N;;23;K;A;C;1.66;0;P;587;344;O;;;;;;O;;;
156;616;0;0;29/06/2015;31/12/1999;0;B2BSDDREV;REVERSAL DE SDD B2B;REVERSEMENT de PRELEVEMENT SEPA SDD B2B;7;AOCT;PACS007;PS7D;SDD/SDD REVERSAL;PACS007 - SDD B2B REVERSAL;SDD;sepa;0;A;C;1;G;0;0;0;0;0;0;0;0;0;0;0;0;0;0;0;0;0;0;0;2I;129;739;REVERSAL DE SDD B2B;N;;N;;N;;23;G;A;C;1.66;0;A;587;344;O;;;;;;O;;;
157;681;0;0;29/06/2015;31/12/1999;0;B2BSDDREJ;REJECT SDD B2B;REJET de PRELEVEMENT SEPA (SDD B2B RETURN/SDD B2B REFUND);6;Rejets;PACS002;PS2D;REJECT SCT/SDD;PACS002 - SDD B2B REJET;SDD;sepa;20;R;D;1;I;0;0;0;0;0;0;0;0;0;0;0;0;0;0;0;0;0;0;0;3T;129;739;REJECT SDD B2B;N;;N;;N;;23;I;R;D;1.66;0;P;587;344;O;;;;;;O;;;
158;781;0;0;29/06/2015;31/12/1999;0;B2BSDDRET;RETURN DE SDD B2B;RETOUR de PRELEVEMENT SEPA SDD B2B;6;Rejets;PACS004;PS4D;RETURN SCT/SDD;PACS004 - SDD B2B RETURN/REFUND;SDD;sepa;20;R;D;1;J;0;0;0;0;0;0;0;0;0;0;0;0;0;0;0;0;0;0;0;3V;129;739;RETURN DE SDD B2B;N;;N;;N;;23;J;R;D;1.66;0;P;587;344;O;;;;;;O;;;
159;981;0;0;29/06/2015;31/12/1999;0;B2BREJPRE;REJET ANO PRES SDD B2B;RESTITUTION DES ANOMALIES DE PRESENTATION SDD B2B;99;Autres opérations;PACS002;PS2D;REJECT SCT/SDD;PACS002 - SDD B2B REJTECH;SDD;sepa;20;R;N;1;X;0;0;0;0;0;0;0;0;0;0;0;0;0;0;0;0;0;0;0;2W;129;739;REJET ANO PRES SDD B2B;N;;N;;N;;23;X;R;N;1.66;0;P;587;344;O;;;;;;O;;;

