1,/home/dbastidap/appli/bdf/atena/acquisition/shell/acq_sqoop_categorieproduitdefacturation.sh
1,/home/dbastidap/appli/bdf/atena/acquisition/shell/acq_sqoop_clatures_lieuderesidenceficoba.sh
1,/home/dbastidap/appli/bdf/atena/acquisition/shell/acq_sqoop_enclatures_categorieeconomique.sh
1,/home/dbastidap/appli/bdf/atena/acquisition/shell/acq_sqoop_enclatures_uniteadministrative.sh
1,/home/dbastidap/appli/bdf/atena/acquisition/shell/acq_sqoop_enclatures_utilisationducompte.sh
1,/home/dbastidap/appli/bdf/atena/acquisition/shell/acq_sqoop_menclatures_categoriejuridique.sh
1,/home/dbastidap/appli/bdf/atena/acquisition/shell/acq_sqoop_nclatures_classificationclient.sh
1,/home/dbastidap/appli/bdf/atena/acquisition/shell/acq_sqoop_nclatures_codelibellemouvement.sh
1,/home/dbastidap/appli/bdf/atena/acquisition/shell/acq_sqoop_nomenclatures_application.sh
1,/home/dbastidap/appli/bdf/atena/acquisition/shell/acq_sqoop_nomenclatures_codeape.sh
1,/home/dbastidap/appli/bdf/atena/acquisition/shell/acq_sqoop_nomenclatures_codeapu.sh
1,/home/dbastidap/appli/bdf/atena/acquisition/shell/acq_sqoop_nomenclatures_codebanque.sh
1,/home/dbastidap/appli/bdf/atena/acquisition/shell/acq_sqoop_nomenclatures_codecfonb.sh
1,/home/dbastidap/appli/bdf/atena/acquisition/shell/acq_sqoop_nomenclatures_codemouvement.sh
1,/home/dbastidap/appli/bdf/atena/acquisition/shell/acq_sqoop_nomenclatures_codetva.sh
1,/home/dbastidap/appli/bdf/atena/acquisition/shell/acq_sqoop_nomenclatures_delaidereglement.sh
1,/home/dbastidap/appli/bdf/atena/acquisition/shell/acq_sqoop_nomenclatures_devise.sh
2,/home/dbastidap/appli/bdf/atena/acquisition/shell/acq_sqoop_nomenclatures_formuledetaux.sh
2,/home/dbastidap/appli/bdf/atena/acquisition/shell/acq_sqoop_nomenclatures_modedereglement.sh
2,/home/dbastidap/appli/bdf/atena/acquisition/shell/acq_sqoop_nomenclatures_naturecompte.sh
2,/home/dbastidap/appli/bdf/atena/acquisition/shell/acq_sqoop_nomenclatures_paysdelazone.sh
2,/home/dbastidap/appli/bdf/atena/acquisition/shell/acq_sqoop_nomenclatures_poleoperationnel.sh
2,/home/dbastidap/appli/bdf/atena/acquisition/shell/acq_sqoop_nomenclatures_rolecontact.sh
2,/home/dbastidap/appli/bdf/atena/acquisition/shell/acq_sqoop_nomenclatures_superremettant.sh
2,/home/dbastidap/appli/bdf/atena/acquisition/shell/acq_sqoop_nomenclatures_tauxdereference.sh
2,/home/dbastidap/appli/bdf/atena/acquisition/shell/acq_sqoop_nomenclatures_tauxmarge.sh
2,/home/dbastidap/appli/bdf/atena/acquisition/shell/acq_sqoop_nomenclatures_typeoperation.sh
2,/home/dbastidap/appli/bdf/atena/acquisition/shell/acq_sqoop_nomenclatures_typeroleadresse.sh
2,/home/dbastidap/appli/bdf/atena/acquisition/shell/acq_sqoop_nomenclatures_zonederesidence.sh
2,/home/dbastidap/appli/bdf/atena/acquisition/shell/acq_sqoop_omenclatures_banquecommerciale.sh
2,/home/dbastidap/appli/bdf/atena/acquisition/shell/acq_sqoop_omenclatures_categoriedeclient.sh
2,/home/dbastidap/appli/bdf/atena/acquisition/shell/acq_sqoop_omenclatures_categoriedecompte.sh
2,/home/dbastidap/appli/bdf/atena/acquisition/shell/acq_sqoop_omenclatures_directiondutresor.sh
2,/home/dbastidap/appli/bdf/atena/acquisition/shell/acq_sqoop_omenclatures_typederestriction.sh
2,/home/dbastidap/appli/bdf/atena/acquisition/shell/acq_sqoop_param_coderejetcfonb.sh
2,/home/dbastidap/appli/bdf/atena/acquisition/shell/acq_sqoop_s_categorieeconomiquenationale.sh
2,/home/dbastidap/appli/bdf/atena/acquisition/shell/acq_sqoop_tures_motifoppositionsurcheque.sh
2,/home/dbastidap/appli/bdf/atena/acquisition/shell/acq_sqoop_tures_typeautreservicebancaire.sh
3,/home/dbastidap/appli/bdf/atena/acquisition/shell/acq_sqoop_structcommerce_numerodecompte.sh
3,/home/dbastidap/appli/bdf/atena/acquisition/shell/acq_sqoop_structcommerce_servicebancaire.sh
3,/home/dbastidap/appli/bdf/atena/acquisition/shell/acq_sqoop_structcommerce_compte.sh
3,/home/dbastidap/appli/bdf/atena/acquisition/shell/acq_sqoop_structcommerce_comptehistory.sh
3,/home/dbastidap/appli/bdf/atena/acquisition/shell/acq_sqoop_structcommerce_coderemettant.sh
3,/home/dbastidap/appli/bdf/atena/acquisition/shell/acq_sqoop_nomenclatures_codeoperation.sh
3,/home/dbastidap/appli/bdf/atena/acquisition/shell/acq_sqoop_param_determinercodeimputation.sh
3,/home/dbastidap/appli/bdf/atena/acquisition/shell/acq_sqoop_nomenclatures_familleoperation.sh
3,/home/dbastidap/appli/bdf/atena/acquisition/shell/acq_sqoop_nomenclatures_pays.sh
3,/home/dbastidap/appli/bdf/atena/acquisition/shell/acq_sqoop_structcommerce_client.sh
3,/home/dbastidap/appli/bdf/atena/acquisition/shell/acq_sqoop_structcommerce_groupeclientele.sh
3,/home/dbastidap/appli/bdf/atena/acquisition/shell/acq_sqoop_nclatures_produitdefacturation.sh
3,/home/dbastidap/appli/bdf/atena/acquisition/shell/acq_sqoop_nomenclatures_codeflux.sh
3,/home/dbastidap/appli/bdf/atena/acquisition/shell/acq_sqoop_acq_fluxoperationrecu.sh
3,/home/dbastidap/appli/bdf/atena/acquisition/shell/acq_sqoop_imp_operationimputation.sh
4,/home/dbastidap/appli/bdf/atena/acquisition/shell/acq_sqoop_opcore_chargeemetteur.sh
4,/home/dbastidap/appli/bdf/atena/acquisition/shell/acq_sqoop_opcore_contrepartie.sh
4,/home/dbastidap/appli/bdf/atena/acquisition/shell/acq_sqoop_opcore_donneesorigine.sh
4,/home/dbastidap/appli/bdf/atena/acquisition/shell/acq_sqoop_opcore_donneesreglement.sh
4,/home/dbastidap/appli/bdf/atena/acquisition/shell/acq_sqoop_opcore_erreur.sh
4,/home/dbastidap/appli/bdf/atena/acquisition/shell/acq_sqoop_opcore_listedoublon.sh
4,/home/dbastidap/appli/bdf/atena/acquisition/shell/acq_sqoop_opcore_operation.sh
4,/home/dbastidap/appli/bdf/atena/acquisition/shell/acq_sqoop_opcore_participantoperation.sh
4,/home/dbastidap/appli/bdf/atena/acquisition/shell/acq_sqoop_opcore_transaction.sh
4,/home/dbastidap/appli/bdf/atena/acquisition/shell/acq_sqoop_opcore_transactionfrais.sh
4,/home/dbastidap/appli/bdf/atena/acquisition/shell/acq_sqoop_opdiv_operationdiverse.sh
4,/home/dbastidap/appli/bdf/atena/acquisition/shell/acq_sqoop_param_codelibelleerreur.sh
4,/home/dbastidap/appli/bdf/atena/acquisition/shell/acq_sqoop_pcore_codeinstructionoperation.sh
4,/home/dbastidap/appli/bdf/atena/acquisition/shell/acq_sqoop_pe_operationimputationinterets.sh
4,/home/dbastidap/appli/bdf/atena/acquisition/shell/acq_sqoop_tenuedeposition_mouvement.sh
4,/home/dbastidap/appli/bdf/atena/acquisition/shell/acq_sqoop_vir_operationvirement.sh
5,/home/dbastidap/appli/bdf/atena/acquisition/shell/acq_sqoop_rce_groupedeconsolidationsible.sh
5,/home/dbastidap/appli/bdf/atena/acquisition/shell/acq_sqoop_structcommerce_autresnumeros.sh
5,/home/dbastidap/appli/bdf/atena/acquisition/shell/acq_sqoop_structcommerce_roleadresse.sh
5,/home/dbastidap/appli/bdf/atena/acquisition/shell/acq_sqoop_tructcommerce_ctepargpedeconso.sh
5,/home/dbastidap/appli/bdf/atena/acquisition/shell/acq_sqoop_tructcommerce_demandedecloture.sh
5,/home/dbastidap/appli/bdf/atena/acquisition/shell/acq_sqoop_uctcommerce_perimetreextension.sh
5,/home/dbastidap/appli/bdf/atena/acquisition/shell/acq_sqoop_ansverses_formatsparabonnement.sh
5,/home/dbastidap/appli/bdf/atena/acquisition/shell/acq_sqoop_enttransverses_adresse.sh
5,/home/dbastidap/appli/bdf/atena/acquisition/shell/acq_sqoop_enttransverses_adressepostale.sh
5,/home/dbastidap/appli/bdf/atena/acquisition/shell/acq_sqoop_enttransverses_contact.sh
5,/home/dbastidap/appli/bdf/atena/acquisition/shell/acq_sqoop_enttransverses_periodicitecron.sh
5,/home/dbastidap/appli/bdf/atena/acquisition/shell/acq_sqoop_enttransverses_swift.sh
5,/home/dbastidap/appli/bdf/atena/acquisition/shell/acq_sqoop_enttransverses_tarification.sh
5,/home/dbastidap/appli/bdf/atena/acquisition/shell/acq_sqoop_nsverses_abonnementrestitution.sh
5,/home/dbastidap/appli/bdf/atena/acquisition/shell/acq_sqoop_ransverses_frequencegeneration.sh
5,/home/dbastidap/appli/bdf/atena/acquisition/shell/acq_sqoop_transverses_adressesexpedition.sh
5,/home/dbastidap/appli/bdf/atena/acquisition/shell/acq_sqoop_ttransverses_adressesducontact.sh
5,/home/dbastidap/appli/bdf/atena/acquisition/shell/acq_sqoop_ctcommerce_donneesbenificiaire.sh
6,/home/dbastidap/appli/bdf/atena/acquisition/shell/acq_sqoop_ef_coordonneesbeneficiairevsot.sh
6,/home/dbastidap/appli/bdf/atena/acquisition/shell/acq_sqoop_ement_instructionordrevirement.sh
6,/home/dbastidap/appli/bdf/atena/acquisition/shell/acq_sqoop_e_processparcpteettarification.sh
6,/home/dbastidap/appli/bdf/atena/acquisition/shell/acq_sqoop_essces_autresservicesbancaires.sh
6,/home/dbastidap/appli/bdf/atena/acquisition/shell/acq_sqoop_ion_contratserviceremuneration.sh
6,/home/dbastidap/appli/bdf/atena/acquisition/shell/acq_sqoop_n_comptearemunererremuneration.sh
6,/home/dbastidap/appli/bdf/atena/acquisition/shell/acq_sqoop_ope_donneessoclecalculinterets.sh
6,/home/dbastidap/appli/bdf/atena/acquisition/shell/acq_sqoop_scebqref_cutoff.sh
6,/home/dbastidap/appli/bdf/atena/acquisition/shell/acq_sqoop_scebqref_facturation.sh
6,/home/dbastidap/appli/bdf/atena/acquisition/shell/acq_sqoop_scebqref_modedefacturation.sh
6,/home/dbastidap/appli/bdf/atena/acquisition/shell/acq_sqoop_scebqref_oppositionsdd.sh
6,/home/dbastidap/appli/bdf/atena/acquisition/shell/acq_sqoop_scebqref_oppositionsurcheque.sh
6,/home/dbastidap/appli/bdf/atena/acquisition/shell/acq_sqoop_scebqref_reroutage.sh
6,/home/dbastidap/appli/bdf/atena/acquisition/shell/acq_sqoop_scebqref_restrictions.sh
6,/home/dbastidap/appli/bdf/atena/acquisition/shell/acq_sqoop_scebqref_vsot.sh
7,/home/dbastidap/appli/bdf/atena/acquisition/shell/acq_sqoop_acq_fluxoperationemis.sh
7,/home/dbastidap/appli/bdf/atena/acquisition/shell/acq_sqoop_atures_groupedeconfidentialite.sh
7,/home/dbastidap/appli/bdf/atena/acquisition/shell/acq_sqoop_ommerce_servicebancairehistory.sh
7,/home/dbastidap/appli/bdf/atena/acquisition/shell/acq_sqoop_structcommerce_clienthistory.sh
7,/home/dbastidap/appli/bdf/atena/acquisition/shell/acq_sqoop_tcommerce_coderemettanthistory.sh
7,/home/dbastidap/appli/bdf/atena/acquisition/shell/acq_sqoop_scebqref_supervalidation.sh
7,/home/dbastidap/appli/bdf/atena/acquisition/shell/acq_sqoop_commerce_entiteniveauclientele.sh
7,/home/dbastidap/appli/bdf/atena/acquisition/shell/acq_sqoop_consolidationcontroleprovision.sh
7,/home/dbastidap/appli/bdf/atena/acquisition/shell/acq_sqoop_ctcommerce_entiteprincipalebdf.sh
7,/home/dbastidap/appli/bdf/atena/acquisition/shell/acq_sqoop_merce_identifiantinternational.sh
7,/home/dbastidap/appli/bdf/atena/acquisition/shell/acq_sqoop_catalogue_formatrestitution.sh
7,/home/dbastidap/appli/bdf/atena/acquisition/shell/acq_sqoop_catalogue_typerestitution.sh
7,/home/dbastidap/appli/bdf/atena/acquisition/shell/acq_sqoop_structcommerce_bicsautorises.sh