<SGBD>
	<FORMAT_SORTIE>ORC</FORMAT_SORTIE>
	<TABLE NOM="TH70" EVAL="OUI" NBR_MAPPER="1" CLE="RFOPI" MODE_ALIM="DELTA" CHAMP_SRC="XTIMTS">
		<COLONNE NOM="DEBEMB" TYPE_SRC="CHAR" TYPE_DEST="STRING"/>
		<COLONNE NOM="RFOPI" TYPE_SRC="VARCHAR2" TYPE_DEST="STRING"/>
		<COLONNE NOM="TYOPEC" TYPE_SRC="CHAR" TYPE_DEST="STRING"/>
		<COLONNE NOM="SEOPEC" TYPE_SRC="CHAR" TYPE_DEST="STRING"/>
		<COLONNE NOM="DDOPS2" TYPE_SRC="DATE" TYPE_DEST="TIMESTAMP"/>
		<COLONNE NOM="MTOPA2" TYPE_SRC="NUMBER" TYPE_DEST="DECIMAL(20,2)"/>
		<COLONNE NOM="COOPS" TYPE_SRC="CHAR" TYPE_DEST="STRING"/>
		<COLONNE NOM="COFAMO" TYPE_SRC="CHAR" TYPE_DEST="STRING"/>
		<COLONNE NOM="NUPRM" TYPE_SRC="VARCHAR2" TYPE_DEST="STRING"/>
		<COLONNE NOM="COCLC" TYPE_SRC="VARCHAR2" TYPE_DEST="STRING"/>
		<COLONNE NOM="IDEES4" TYPE_SRC="VARCHAR2" TYPE_DEST="STRING"/>
		<COLONNE NOM="IDIBA1" TYPE_SRC="VARCHAR2" TYPE_DEST="STRING"/>
		<COLONNE NOM="IDDSS2" TYPE_SRC="VARCHAR2" TYPE_DEST="STRING"/>
		<COLONNE NOM="IDIBA2" TYPE_SRC="VARCHAR2" TYPE_DEST="STRING"/>
		<COLONNE NOM="E8RME" TYPE_SRC="DATE" TYPE_DEST="TIMESTAMP"/>
		<COLONNE NOM="DDPRE" TYPE_SRC="DATE" TYPE_DEST="TIMESTAMP"/>
		<COLONNE NOM="HEPRE" TYPE_SRC="VARCHAR2" TYPE_DEST="STRING"/>
		<COLONNE NOM="NURMS1" TYPE_SRC="VARCHAR2" TYPE_DEST="STRING"/>
		<COLONNE NOM="DDPRE1" TYPE_SRC="DATE" TYPE_DEST="TIMESTAMP"/>
		<COLONNE NOM="HEPRE1" TYPE_SRC="VARCHAR2" TYPE_DEST="STRING"/>
		<COLONNE NOM="E8TRAV" TYPE_SRC="DATE" TYPE_DEST="TIMESTAMP"/>
		<COLONNE NOM="IDEFE" TYPE_SRC="CHAR" TYPE_DEST="STRING"/>
		<COLONNE NOM="XTIMTS" TYPE_SRC="TIMESTAMP" TYPE_DEST="TIMESTAMP"/>
		<COLONNE NOM="COCLL" TYPE_SRC="CHAR" TYPE_DEST="STRING"/>
		<COLONNE NOM="RFOPSC" TYPE_SRC="VARCHAR2" TYPE_DEST="STRING"/>
		<COLONNE NOM="CODOAR" TYPE_SRC="CHAR" TYPE_DEST="STRING"/>
		<COLONNE NOM="INOPR" TYPE_SRC="CHAR" TYPE_DEST="STRING"/>
		<COLONNE NOM="NOPART" TYPE_SRC="CHAR" TYPE_DEST="STRING"/>
		<COLONNE NOM="XPART1" TYPE_SRC="CHAR" TYPE_DEST="STRING"/>
		<COLONNE NOM="XPARTT" TYPE_SRC="CLOB" TYPE_DEST="STRING"/>
		<COLONNE NOM="RFOPSO" TYPE_SRC="VARCHAR2" TYPE_DEST="STRING"/>
		<COLONNE NOM="RFEESO" TYPE_SRC="VARCHAR2" TYPE_DEST="STRING"/>
		<COLONNE NOM="IDOPSO" TYPE_SRC="VARCHAR2" TYPE_DEST="STRING"/>
		<COLONNE NOM="DTJCO" TYPE_SRC="DATE" TYPE_DEST="TIMESTAMP"/>
        <CRITERE CONDITION="XTIMTS BETWEEN to_date('$TIMESTAMP_MIN', 'YYYY-MM-DD HH24:MI:SS') AND to_date('$TIMESTAMP_MAX', 'YYYY-MM-DD HH24:MI:SS')"/>
	</TABLE>
	<TABLE NOM="TH7A" EVAL="OUI" NBR_MAPPER="1" CLE="RFOPI" MODE_ALIM="DELTA" CHAMP_SRC="XTIMTS">
		<COLONNE NOM="DEBEMB" TYPE_SRC="CHAR" TYPE_DEST="STRING"/>
		<COLONNE NOM="RFOPI" TYPE_SRC="VARCHAR2" TYPE_DEST="STRING"/>
		<COLONNE NOM="TYEGS" TYPE_SRC="CHAR" TYPE_DEST="STRING"/>
		<COLONNE NOM="COOPS" TYPE_SRC="CHAR" TYPE_DEST="STRING"/>
		<COLONNE NOM="XPARTT" TYPE_SRC="CLOB" TYPE_DEST="STRING"/>
		<COLONNE NOM="DTJCO" TYPE_SRC="DATE" TYPE_DEST="TIMESTAMP"/>
		<COLONNE NOM="XTIMTS" TYPE_SRC="TIMESTAMP" TYPE_DEST="TIMESTAMP"/>
		<COLONNE NOM="NOPART" TYPE_SRC="CHAR" TYPE_DEST="STRING"/>
        <CRITERE CONDITION="XTIMTS BETWEEN to_date('$TIMESTAMP_MIN', 'YYYY-MM-DD HH24:MI:SS') AND to_date('$TIMESTAMP_MAX', 'YYYY-MM-DD HH24:MI:SS')"/>
	</TABLE>
</SGBD>