<SGBD><FORMAT_SORTIE>ORC</FORMAT_SORTIE>
<TABLE NOM="DIM_MAEVA_CLIENT" EVAL="OUI" NBR_MAPPER="1" CLE="ID_CLIENT" MODE_ALIM="COMPLET">
	<COLONNE NOM="DATE_UPDATE" TYPE_SRC="NUMBER" TYPE_DEST="INT"></COLONNE>
	<COLONNE NOM="ID_CLIENT" TYPE_SRC="NUMBER" TYPE_DEST="DECIMAL(38,0)"></COLONNE>
	<COLONNE NOM="CODE_CLIENT_EVCLI" TYPE_SRC="VARCHAR2" TYPE_DEST="STRING"></COLONNE>
	<COLONNE NOM="CODE_CLC" TYPE_SRC="VARCHAR2" TYPE_DEST="STRING"></COLONNE>
	<COLONNE NOM="DATE_DEB_VAL" TYPE_SRC="DATE" TYPE_DEST="DATE"></COLONNE>
	<COLONNE NOM="DATE_FIN_VAL" TYPE_SRC="DATE" TYPE_DEST="DATE"></COLONNE>
	<COLONNE NOM="CODE_CAT_CLIENT_EVCLI" TYPE_SRC="VARCHAR2" TYPE_DEST="STRING"></COLONNE>
	<COLONNE NOM="LIB_COURT_CLC" TYPE_SRC="VARCHAR2" TYPE_DEST="STRING"></COLONNE>
	<COLONNE NOM="LIBELLE_LONG_CLC" TYPE_SRC="VARCHAR2" TYPE_DEST="STRING"></COLONNE>
	<COLONNE NOM="TYPE_CLC" TYPE_SRC="CHAR" TYPE_DEST="STRING"></COLONNE>
	<COLONNE NOM="TYPE_REMETTANT" TYPE_SRC="VARCHAR2" TYPE_DEST="STRING"></COLONNE>
	<COLONNE NOM="CODE_GRP_REMETTANT" TYPE_SRC="VARCHAR2" TYPE_DEST="STRING"></COLONNE>
	<COLONNE NOM="LIB_GRP_REMETTANT" TYPE_SRC="VARCHAR2" TYPE_DEST="STRING"></COLONNE>
	<COLONNE NOM="CODE_UA" TYPE_SRC="VARCHAR2" TYPE_DEST="STRING"></COLONNE>
	<COLONNE NOM="NUM_CPTE_BDF_AVAL" TYPE_SRC="VARCHAR2" TYPE_DEST="STRING"></COLONNE>
	<COLONNE NOM="CIB_CLIENT" TYPE_SRC="VARCHAR2" TYPE_DEST="STRING"></COLONNE>
	<COLONNE NOM="TYPE_ETABLT" TYPE_SRC="VARCHAR2" TYPE_DEST="STRING"></COLONNE>
	<COLONNE NOM="IND_CLIENT_TELMPM" TYPE_SRC="CHAR" TYPE_DEST="STRING"></COLONNE>
	<COLONNE NOM="NUM_REGLE_COMM_TELMPM_AB" TYPE_SRC="VARCHAR2" TYPE_DEST="STRING"></COLONNE>
	<COLONNE NOM="TARIF_ABONNEMENT_TELMPM" TYPE_SRC="NUMBER" TYPE_DEST="DECIMAL(6,3)"></COLONNE>
	<COLONNE NOM="NUM_REGLE_COMM_TELMPM_SUP" TYPE_SRC="VARCHAR2" TYPE_DEST="STRING"></COLONNE>
	<COLONNE NOM="TARIF_COMM_TELMPM_PAR_SUPPORT" TYPE_SRC="NUMBER" TYPE_DEST="DECIMAL(6,3)"></COLONNE>
	<COLONNE NOM="IND_ABONNE_SERVICE_PLUS" TYPE_SRC="VARCHAR2" TYPE_DEST="STRING"></COLONNE>
	<COLONNE NOM="NUM_REGLE_COMM_TELMPM_SERV_PLU" TYPE_SRC="VARCHAR2" TYPE_DEST="STRING"></COLONNE>
	<COLONNE NOM="TARIF_COMM_TELMPM_SERV_PLUS" TYPE_SRC="NUMBER" TYPE_DEST="DECIMAL(6,3)"></COLONNE>
	<COLONNE NOM="CODE_GUICHET" TYPE_SRC="VARCHAR2" TYPE_DEST="STRING"></COLONNE>
	<COLONNE NOM="CODE_UA_GESTION" TYPE_SRC="VARCHAR2" TYPE_DEST="STRING"></COLONNE>
	<COLONNE NOM="SERVICE_APPLI_PRESENTATIONS" TYPE_SRC="VARCHAR2" TYPE_DEST="STRING"></COLONNE>
	<COLONNE NOM="SERVICE_APPLI_REJECT_CONTROLES" TYPE_SRC="VARCHAR2" TYPE_DEST="STRING"></COLONNE>
	<COLONNE NOM="SERVICE_APPLI_RECEPTION" TYPE_SRC="VARCHAR2" TYPE_DEST="STRING"></COLONNE>
	<COLONNE NOM="CODE_CAT_CLC" TYPE_SRC="NUMBER" TYPE_DEST="INT"></COLONNE>
	<COLONNE NOM="LIB_CAT_CLC" TYPE_SRC="VARCHAR2" TYPE_DEST="STRING"></COLONNE>
	<COLONNE NOM="CODE_UA_IMPUT_AMONT" TYPE_SRC="VARCHAR2" TYPE_DEST="STRING"></COLONNE>
	<COLONNE NOM="NUM_CPTE_IMPUT_AMONT" TYPE_SRC="VARCHAR2" TYPE_DEST="STRING"></COLONNE>
	<COLONNE NOM="CODE_FLUX" TYPE_SRC="VARCHAR2" TYPE_DEST="STRING"></COLONNE>
	<COLONNE NOM="DATE_INSERT_INGRE" NOM_SRC="DATE_INSERT"  TYPE_SRC="NUMBER" TYPE_DEST="INT"></COLONNE>
 </TABLE>
<TABLE NOM="DIM_MAEVA_COMPTE" EVAL="OUI" NBR_MAPPER="1" CLE="ID_CPTE" MODE_ALIM="COMPLET">
	<COLONNE NOM="CLE_IBAN" TYPE_SRC="VARCHAR2" TYPE_DEST="STRING"></COLONNE>
	<COLONNE NOM="IBAN" TYPE_SRC="VARCHAR2" TYPE_DEST="STRING"></COLONNE>
	<COLONNE NOM="DATE_DEB_VAL" TYPE_SRC="DATE" TYPE_DEST="DATE"></COLONNE>
	<COLONNE NOM="DATE_FIN_VAL" TYPE_SRC="DATE" TYPE_DEST="DATE"></COLONNE>
	<COLONNE NOM="CODE_UA_CPTE" TYPE_SRC="VARCHAR2" TYPE_DEST="STRING"></COLONNE>
	<COLONNE NOM="CODE_UA_SECOND_GUICHET" TYPE_SRC="VARCHAR2" TYPE_DEST="STRING"></COLONNE>
	<COLONNE NOM="CODE_EMETTEUR_DO" TYPE_SRC="VARCHAR2" TYPE_DEST="STRING"></COLONNE>
	<COLONNE NOM="CAT_COMPTABLE_UA" TYPE_SRC="VARCHAR2" TYPE_DEST="STRING"></COLONNE>
	<COLONNE NOM="CODE_RGPT_GEOGRAPHIQUE" TYPE_SRC="VARCHAR2" TYPE_DEST="STRING"></COLONNE>
	<COLONNE NOM="CODE_SUPPORT_RESTITUTION" TYPE_SRC="VARCHAR2" TYPE_DEST="STRING"></COLONNE>
	<COLONNE NOM="CODE_FLUX" TYPE_SRC="VARCHAR2" TYPE_DEST="STRING"></COLONNE>
	<COLONNE NOM="DESC_FLUX" TYPE_SRC="VARCHAR2" TYPE_DEST="STRING"></COLONNE>
	<COLONNE NOM="TYPE_REMETTANT" TYPE_SRC="VARCHAR2" TYPE_DEST="STRING"></COLONNE>
	<COLONNE NOM="CODE_SUPER_REMETTANT" TYPE_SRC="VARCHAR2" TYPE_DEST="STRING"></COLONNE>
	<COLONNE NOM="LIBELLE_1" TYPE_SRC="VARCHAR2" TYPE_DEST="STRING"></COLONNE>
	<COLONNE NOM="LIBELLE_2" TYPE_SRC="VARCHAR2" TYPE_DEST="STRING"></COLONNE>
	<COLONNE NOM="ADRESSE_LIG1_EVCLI" TYPE_SRC="VARCHAR2" TYPE_DEST="STRING"></COLONNE>
	<COLONNE NOM="ADRESSE_LIG2_EVCLI" TYPE_SRC="VARCHAR2" TYPE_DEST="STRING"></COLONNE>
	<COLONNE NOM="ADRESSE_LIG3_EVCLI" TYPE_SRC="VARCHAR2" TYPE_DEST="STRING"></COLONNE>
	<COLONNE NOM="ADRESSE_LIG4_EVCLI" TYPE_SRC="VARCHAR2" TYPE_DEST="STRING"></COLONNE>
	<COLONNE NOM="ADRESSE_LIG5_EVCLI" TYPE_SRC="VARCHAR2" TYPE_DEST="STRING"></COLONNE>
	<COLONNE NOM="ADRESSE_LIG6_EVCLI" TYPE_SRC="VARCHAR2" TYPE_DEST="STRING"></COLONNE>
	<COLONNE NOM="CODE_PAYS_EVCLI" TYPE_SRC="VARCHAR2" TYPE_DEST="STRING"></COLONNE>
	<COLONNE NOM="CODE_CATEGORIE_EVCLI" TYPE_SRC="VARCHAR2" TYPE_DEST="STRING"></COLONNE>
	<COLONNE NOM="IND_CPTE_SPECIAL" TYPE_SRC="CHAR" TYPE_DEST="STRING"></COLONNE>
	<COLONNE NOM="IND_COMPTE_RMS" TYPE_SRC="CHAR" TYPE_DEST="STRING"></COLONNE>
	<COLONNE NOM="DATE_EFFET_COMPTE_RMS" TYPE_SRC="DATE" TYPE_DEST="DATE"></COLONNE>
	<COLONNE NOM="IND_CLIENT_RMS" TYPE_SRC="VARCHAR2" TYPE_DEST="STRING"></COLONNE>
	<COLONNE NOM="DATE_EFFET_CLIENT_RMS" TYPE_SRC="DATE" TYPE_DEST="DATE"></COLONNE>
	<COLONNE NOM="IND_SOURCE" TYPE_SRC="CHAR" TYPE_DEST="STRING"></COLONNE>
	<COLONNE NOM="DATE_INSERT_INGRE" NOM_SRC="DATE_INSERT"  TYPE_SRC="NUMBER" TYPE_DEST="INT"></COLONNE>
	<COLONNE NOM="DATE_UPDATE" TYPE_SRC="NUMBER" TYPE_DEST="INT"></COLONNE>
	<COLONNE NOM="ID_CPTE" TYPE_SRC="NUMBER" TYPE_DEST="DECIMAL(38,0)"></COLONNE>
	<COLONNE NOM="ID_CLIENT" TYPE_SRC="NUMBER" TYPE_DEST="DECIMAL(38,0)"></COLONNE>
	<COLONNE NOM="NUM_CPTE" TYPE_SRC="VARCHAR2" TYPE_DEST="STRING"></COLONNE>
	<COLONNE NOM="CODE_GUICHET" TYPE_SRC="VARCHAR2" TYPE_DEST="STRING"></COLONNE>
	<COLONNE NOM="CIB_CLIENT" TYPE_SRC="VARCHAR2" TYPE_DEST="STRING"></COLONNE>
	<COLONNE NOM="CLE_RIB_BENEFICIAIRE" TYPE_SRC="VARCHAR2" TYPE_DEST="STRING"></COLONNE>
	<COLONNE NOM="RIB" TYPE_SRC="VARCHAR2" TYPE_DEST="STRING"></COLONNE>
 </TABLE>
<TABLE NOM="DIM_MAEVA_TYPE_OPERATION" EVAL="OUI" NBR_MAPPER="1" CLE="ID_TYPE_OPE" MODE_ALIM="COMPLET">
	<COLONNE NOM="DATE_UPDATE" TYPE_SRC="NUMBER" TYPE_DEST="INT"></COLONNE>
	<COLONNE NOM="ID_TYPE_OPE" TYPE_SRC="NUMBER" TYPE_DEST="DECIMAL(38,0)"></COLONNE>
	<COLONNE NOM="CODE_OPE" TYPE_SRC="VARCHAR2" TYPE_DEST="STRING"></COLONNE>
	<COLONNE NOM="SSCODE_OPE" TYPE_SRC="VARCHAR2" TYPE_DEST="STRING"></COLONNE>
	<COLONNE NOM="DELAI_REGLEMENT_OPE" TYPE_SRC="VARCHAR2" TYPE_DEST="STRING"></COLONNE>
	<COLONNE NOM="DATE_DEB_VAL" TYPE_SRC="DATE" TYPE_DEST="DATE"></COLONNE>
	<COLONNE NOM="DATE_FIN_VAL" TYPE_SRC="DATE" TYPE_DEST="DATE"></COLONNE>
	<COLONNE NOM="DELAI_REJET_OPE" TYPE_SRC="FLOAT" TYPE_DEST="double"></COLONNE>
	<COLONNE NOM="CODE_FAMILLE_OPE" TYPE_SRC="VARCHAR2" TYPE_DEST="STRING"></COLONNE>
	<COLONNE NOM="LIB_COURT_OPE" TYPE_SRC="VARCHAR2" TYPE_DEST="STRING"></COLONNE>
	<COLONNE NOM="LIB_LONG_OPE" TYPE_SRC="VARCHAR2" TYPE_DEST="STRING"></COLONNE>
	<COLONNE NOM="CODE_GRP_OPE_INTERBAN" TYPE_SRC="VARCHAR2" TYPE_DEST="STRING"></COLONNE>
	<COLONNE NOM="IND_SENS_ECHANGES_OPE" TYPE_SRC="CHAR" TYPE_DEST="STRING"></COLONNE>
	<COLONNE NOM="IND_SENS_ECRIT_COMP" TYPE_SRC="CHAR" TYPE_DEST="STRING"></COLONNE>
	<COLONNE NOM="CODE_ARCHIVAGE_OPE" TYPE_SRC="VARCHAR2" TYPE_DEST="STRING"></COLONNE>
	<COLONNE NOM="CODE_IMPRIME_SUPPORT_OPE" TYPE_SRC="VARCHAR2" TYPE_DEST="STRING"></COLONNE>
	<COLONNE NOM="CODE_OPE_REJET" TYPE_SRC="VARCHAR2" TYPE_DEST="STRING"></COLONNE>
	<COLONNE NOM="CODE_OP_DEMANDE_CORRECT_DOMI" TYPE_SRC="VARCHAR2" TYPE_DEST="STRING"></COLONNE>
	<COLONNE NOM="CODE_OPE_ANNULATION" TYPE_SRC="VARCHAR2" TYPE_DEST="STRING"></COLONNE>
	<COLONNE NOM="BENEFICIAIRE_RISTOURNES_COMMIS" TYPE_SRC="VARCHAR2" TYPE_DEST="STRING"></COLONNE>
	<COLONNE NOM="BAREME_FACTURATION_RISTOURNE" TYPE_SRC="VARCHAR2" TYPE_DEST="STRING"></COLONNE>
	<COLONNE NOM="BAREME_RISTOURNE_CATEGORIE_1" TYPE_SRC="VARCHAR2" TYPE_DEST="STRING"></COLONNE>
	<COLONNE NOM="BAREME_RISTOURNE_CATEGORIE_2" TYPE_SRC="VARCHAR2" TYPE_DEST="STRING"></COLONNE>
	<COLONNE NOM="BAREME_RISTOURNE_CATEGORIE_3" TYPE_SRC="VARCHAR2" TYPE_DEST="STRING"></COLONNE>
	<COLONNE NOM="BAREME_RISTOURNE_CATEGORIE_4" TYPE_SRC="VARCHAR2" TYPE_DEST="STRING"></COLONNE>
	<COLONNE NOM="BAREME_RISTOURNE_CATEGORIE_5" TYPE_SRC="VARCHAR2" TYPE_DEST="STRING"></COLONNE>
	<COLONNE NOM="BAREME_RISTOURNE_CATEGORIE_6" TYPE_SRC="VARCHAR2" TYPE_DEST="STRING"></COLONNE>
	<COLONNE NOM="BAREME_RISTOURNE_CATEGORIE_7" TYPE_SRC="VARCHAR2" TYPE_DEST="STRING"></COLONNE>
	<COLONNE NOM="BAREME_RISTOURNE_CATEGORIE_8" TYPE_SRC="VARCHAR2" TYPE_DEST="STRING"></COLONNE>
	<COLONNE NOM="BAREME_RISTOURNE_CATEGORIE_9" TYPE_SRC="VARCHAR2" TYPE_DEST="STRING"></COLONNE>
	<COLONNE NOM="MNT_COMMISSIONS_OP_INTERBA" TYPE_SRC="NUMBER" TYPE_DEST="DECIMAL(6,5)"></COLONNE>
	<COLONNE NOM="COMMIS_INTERBCAIRE_CLI" TYPE_SRC="NUMBER" TYPE_DEST="DECIMAL(4,2)"></COLONNE>
	<COLONNE NOM="TAXE_COMISSION_INTERBANC_CLI" TYPE_SRC="NUMBER" TYPE_DEST="DECIMAL(4,2)"></COLONNE>
	<COLONNE NOM="COMMIS_INTERBCAIRE_ORP" TYPE_SRC="NUMBER" TYPE_DEST="DECIMAL(4,2)"></COLONNE>
	<COLONNE NOM="TAXE_COMISSION_INTERBANC_ORP" TYPE_SRC="NUMBER" TYPE_DEST="DECIMAL(4,2)"></COLONNE>
	<COLONNE NOM="CODE_OPE_OC" TYPE_SRC="VARCHAR2" TYPE_DEST="STRING"></COLONNE>
	<COLONNE NOM="CODE_OPE_OMF" TYPE_SRC="VARCHAR2" TYPE_DEST="STRING"></COLONNE>
	<COLONNE NOM="CODE_VALEUR_TYPE" TYPE_SRC="VARCHAR2" TYPE_DEST="STRING"></COLONNE>
	<COLONNE NOM="LIB_OPE_SIT" TYPE_SRC="VARCHAR2" TYPE_DEST="STRING"></COLONNE>
	<COLONNE NOM="IND_REJET" TYPE_SRC="CHAR" TYPE_DEST="STRING"></COLONNE>
	<COLONNE NOM="CODE_OPE_SIT_REJETEE" TYPE_SRC="VARCHAR2" TYPE_DEST="STRING"></COLONNE>
	<COLONNE NOM="IND_CORRECTION" TYPE_SRC="CHAR" TYPE_DEST="STRING"></COLONNE>
	<COLONNE NOM="CODE_OPE_DE_SIT_CORRIGEE" TYPE_SRC="VARCHAR2" TYPE_DEST="STRING"></COLONNE>
	<COLONNE NOM="IND_ANNULATION" TYPE_SRC="CHAR" TYPE_DEST="STRING"></COLONNE>
	<COLONNE NOM="CODE_OPE_ANNULEE" TYPE_SRC="VARCHAR2" TYPE_DEST="STRING"></COLONNE>
	<COLONNE NOM="DUREE_RETENTION_OPE" TYPE_SRC="NUMBER" TYPE_DEST="INT"></COLONNE>
	<COLONNE NOM="CODE_IMPRIME" TYPE_SRC="VARCHAR2" TYPE_DEST="STRING"></COLONNE>
	<COLONNE NOM="SENS_OPE_SIT" TYPE_SRC="VARCHAR2" TYPE_DEST="STRING"></COLONNE>
	<COLONNE NOM="SENS_COMPTABLE_OPE" TYPE_SRC="VARCHAR2" TYPE_DEST="STRING"></COLONNE>
	<COLONNE NOM="CODE_ECHANGE_BDF" TYPE_SRC="VARCHAR2" TYPE_DEST="STRING"></COLONNE>
	<COLONNE NOM="IND_DECLARATION_BDF" TYPE_SRC="CHAR" TYPE_DEST="STRING"></COLONNE>
	<COLONNE NOM="CAT_OPE" TYPE_SRC="VARCHAR2" TYPE_DEST="STRING"></COLONNE>
	<COLONNE NOM="CODE_NATURE_OP_TRESOR" TYPE_SRC="VARCHAR2" TYPE_DEST="STRING"></COLONNE>
	<COLONNE NOM="CODE_LIB_CLIENT" TYPE_SRC="VARCHAR2" TYPE_DEST="STRING"></COLONNE>
	<COLONNE NOM="IND_CONNEXE" TYPE_SRC="CHAR" TYPE_DEST="STRING"></COLONNE>
	<COLONNE NOM="DATE_INSERT_INGRE" NOM_SRC="DATE_INSERT" TYPE_SRC="NUMBER" TYPE_DEST="INT"></COLONNE>
 </TABLE>
<TABLE NOM="FAIT_MINOS_OPERATIONS" EVAL="OUI" NBR_MAPPER="1" CLE="ID_TECHNIQUE" MODE_ALIM="DELTA" CHAMP_SRC="to_date(NUM_FICH,'YYYYMMDD')" TYPE="MANUEL" REQUETE="SELECT &#x0022;M.B_RJT_560_DATE_INTERDICTION&#x0022;, &#x0022;M.FLAG_EVOLMPM&#x0022;, &#x0022;M.DEBRAYAGE_CTRL_EMBARGO&#x0022;, &#x0022;M.DATE_COMPTABLE_EVOLMPM&#x0022;, &#x0022;M.XTIMTS&#x0022;, &#x0022;M.ID_TECHNIQUE&#x0022;, &#x0022;M.ID_REMISE&#x0022;, &#x0022;M.ID_TYPE_OPE&#x0022;, &#x0022;M.ID_COMPTE_EMETTEUR&#x0022;, &#x0022;M.ID_CLIENT_EMETTEUR&#x0022;, &#x0022;M.ID_COMPTE_DEST&#x0022;, &#x0022;M.ID_CLIENT_DEST&#x0022;, &#x0022;M.ID_SERVICES&#x0022;, &#x0022;M.ID_COMMIS_INTER_BQ&#x0022;, &#x0022;M.ID_COMMIS_BDF_ENASIT&#x0022;, &#x0022;M.ID_COMMIS_BDF&#x0022;, &#x0022;M.ID_MOTIF_REJET&#x0022;, &#x0022;M.TYPE_FICHIER&#x0022;, &#x0022;M.SENS_ECHANGE&#x0022;, &#x0022;M.CODE_FAMILLE_OPE&#x0022;, &#x0022;M.NUM_FICH&#x0022;, &#x0022;M.NUM_REMISE&#x0022;, &#x0022;M.NUM_REMISE_TECH&#x0022;, &#x0022;M.DATE_PEC_AMONT&#x0022;, &#x0022;M.HEURE_PEC_AMONT&#x0022;, &#x0022;M.DATE_PRES_REMISE_TECH&#x0022;, &#x0022;M.HEURE_PRESENTATION_REMISE&#x0022;, &#x0022;M.RIO&#x0022;, &#x0022;M.CODE_OPE&#x0022;, &#x0022;M.SOUS_CODE_OPE&#x0022;, &#x0022;M.SYSTEME_ECHANGE&#x0022;, &#x0022;M.DATE_ECHANGE&#x0022;, &#x0022;M.DATE_REGLMT&#x0022;, &#x0022;M.DATE_TRAITEMENT_AVAL_RECU&#x0022;, &#x0022;M.CODE_CLC_DO&#x0022;, &#x0022;M.NNE&#x0022;, &#x0022;M.GUICHET_DO&#x0022;, &#x0022;M.NUM_CPTE_DO&#x0022;, &#x0022;M.NOM_CLIENT_DO&#x0022;, &#x0022;M.GUICHET_DEST&#x0022;, &#x0022;M.NUM_CPTE_DEST&#x0022;, &#x0022;M.NOM_CLIENT_DEST&#x0022;, &#x0022;M.CODE_CLC_DEST&#x0022;, &#x0022;M.NUM_CHEQUE&#x0022;, &#x0022;M.REF_OPE&#x0022;, &#x0022;M.SYS_NC00316\$&#x0022;, &#x0022;M.SYS_NC00317\$&#x0022;, &#x0022;M.B_PEL_30_MNT_INTERET_PEL_2&#x0022;, &#x0022;M.B_PEL_30_NB_PERSONNES_CHARGES&#x0022;, &#x0022;M.B_PEL_30_CIB_DEST_REJET&#x0022;, &#x0022;M.B_PEL_30_IND_NATURE&#x0022;, &#x0022;M.B_PEL_30_CODE_HOMONYMIE_PEL&#x0022;, &#x0022;M.B_PEL_30_DATE_CESSION_PEL&#x0022;, &#x0022;M.B_PEL_30_DESTINATION_PRET_CEL&#x0022;, &#x0022;M.B_PEL_30_NUM_EPL_CEL&#x0022;, &#x0022;M.B_PEL_30_CIB_PRETEUR&#x0022;, &#x0022;M.B_PEL_30_NUM_PRET&#x0022;, &#x0022;M.B_PEL_30_NB_NV_PEL_LIE_PRET&#x0022;, &#x0022;M.B_PEL_30_DATE_PREM_DEBLOCAGE&#x0022;, &#x0022;M.B_PEL_30_DATE_OUVERTURE_PEL_1&#x0022;, &#x0022;M.B_PEL_30_DATE_OUVERTURE_PEL_2&#x0022;, &#x0022;M.B_PEL_30_ZONE_RESERVEE&#x0022;, &#x0022;M.B_PEL_31_COORD_DO&#x0022;, &#x0022;M.B_PEL_31_CODE_QUALITE&#x0022;, &#x0022;M.B_PEL_31_NOM_BENEF_PRIME&#x0022;, &#x0022;M.B_PEL_31_PRENOM_BENEF_PRIME&#x0022;, &#x0022;M.B_PEL_31_DATE_NAISSANCE_BENEF&#x0022;, &#x0022;M.B_PEL_31_NUM_NOUVEAU_PEL&#x0022;, &#x0022;M.B_PEL_31_CIB_PRETEUR&#x0022;, &#x0022;M.B_PEL_31_NUM_PRET&#x0022;, &#x0022;M.B_PEL_31_NB_NV_PEL_LIE_PRET&#x0022;, &#x0022;M.B_PEL_31_DATE_PREM_DEBLOCAGE&#x0022;, &#x0022;M.B_PEL_31_DATE_ACCEPT_OFFRE&#x0022;, &#x0022;M.B_PEL_31_CIB_INITIATEUR_PEL&#x0022;, &#x0022;M.B_PEL_31_ZONE_RESERVEE&#x0022;, &#x0022;M.B_DAB_290_COORD_DISTRIBUTEUR&#x0022;, &#x0022;M.B_DAB_290_COORD_CLIENT_DEST&#x0022;, &#x0022;M.B_DAB_290_NOM_BANQUE_APPAREIL&#x0022;, &#x0022;M.B_DAB_290_TYPE_RETRAIT&#x0022;, &#x0022;M.B_DAB_290_TYPE_TRAITMNT_PISTE&#x0022;, &#x0022;M.B_DAB_290_CODE_SRVC_CODE_RES&#x0022;, &#x0022;M.B_DAB_290_NUM_DEPT_DISTRIB&#x0022;, &#x0022;M.B_DAB_290_RESERVE1&#x0022;, &#x0022;M.B_DAB_290_RESERVE2&#x0022;, &#x0022;M.B_DAB_290_ZONE_COMM_DESSIN_OC&#x0022;, &#x0022;M.B_DAB_290_TOP_SPC&#x0022;, &#x0022;M.B_DAB_290_ZONE_RESERVEE1&#x0022;, &#x0022;M.B_DAB_290_ID_INITIAL&#x0022;, &#x0022;M.B_DAB_290_LIB_RETRAIT&#x0022;, &#x0022;M.B_DAB_290_CODE_ETBLMT_DO_INIT&#x0022;, &#x0022;M.B_DAB_290_DATE_RETRAIT&#x0022;, &#x0022;M.B_DAB_290_HEURE_RETRAIT&#x0022;, &#x0022;M.B_DAB_290_NUM_AUTORISATION&#x0022;, &#x0022;M.B_DAB_290_TYPE_PRESENTATION&#x0022;, &#x0022;M.B_DAB_290_MOTIF_REJET_IMPAYE&#x0022;, &#x0022;M.B_DAB_290_ZONE_RESERVEE2&#x0022;, &#x0022;M.B_DTC_166_NATURE_DEMANDE&#x0022;, &#x0022;M.B_DTC_166_REF_OPE&#x0022;, &#x0022;M.B_DTC_166_COORD_EXP&#x0022;, &#x0022;M.B_DTC_166_ZONE_ETABLT&#x0022;, &#x0022;M.B_DTC_166_IDENT_EMETTEUR&#x0022;, &#x0022;M.B_DTC_166_ZONE_RESERVEE&#x0022;, &#x0022;M.B_ONC_169_NATURE_OPE_OBJ_ONC&#x0022;, &#x0022;M.B_ONC_169_REF_OPE&#x0022;, &#x0022;M.B_ONC_169_COORD_EXP&#x0022;, &#x0022;M.B_ONC_169_ZONE_ETBLT&#x0022;, &#x0022;M.B_ONC_169_ZONE_LIBELLE&#x0022;, &#x0022;M.B_ONC_169_CAT_ONC&#x0022;, &#x0022;M.B_ONC_169_ZONE_RESERVEE&#x0022;, &#x0022;M.DATE_INSERT&#x0022; as DATE_INSERT_INGRE , &#x0022;M.B_62_CODE_MOTIF_DEMANDE_RESTIT&#x0022;, &#x0022;M.B_62_ZONE_RESERVEE&#x0022;, &#x0022;M.B_65_ZONE_RESERVEE_1&#x0022;, &#x0022;M.B_65_ZONE_RESERVEE_2&#x0022;, &#x0022;M.B_VRF_29_CONSIGNE_CLIENT&#x0022;, &#x0022;M.B_VRF_29_89_IND_BALANCE_PAIEMT&#x0022;, &#x0022;M.B_RJT_560_DATE_PRESENTATION&#x0022;, &#x0022;M.B_RJT_560_NUM_CHEQUE&#x0022;, &#x0022;M.B_RJT_560_NOM_TIREUR&#x0022;, &#x0022;M.B_RJT_560_LIB_ABRE_DOMICIL&#x0022;, &#x0022;M.B_RJT_560_NUM_CPTE_TIREUR&#x0022;, &#x0022;M.B_RJT_560_COORD_EXPEDITEUR&#x0022;, &#x0022;M.B_RJT_560_ZONE_USAGE_ETBLMT&#x0022;, &#x0022;M.B_RJT_560_ZONE_RESERVEE&#x0022;, &#x0022;M.B_RJT_820_821_ZONE_USAGE_ETABL&#x0022;, &#x0022;M.B_RJT_820_821_ZONE_RESERVEE&#x0022;, &#x0022;M.B_ANNUL_CODE_MOTIF&#x0022;, &#x0022;M.B_ANNUL_REF_OPE&#x0022;, &#x0022;M.B_ANNUL_REF_PRESENTATEUR&#x0022;, &#x0022;M.B_ANNUL_ZONE_RESERVEE&#x0022;, &#x0022;M.B_ANNUL_IC_MOTIF_ANNUL&#x0022;, &#x0022;M.B_ANNUL_IC_REF_OPE&#x0022;, &#x0022;M.B_ANNUL_IC_ZONE_USAGE_ETBLT&#x0022;, &#x0022;M.B_ANNUL_IC_ZONE_RESEVEE&#x0022;, &#x0022;M.B_CORRIGE_ZONE_RESERVEE_1&#x0022;, &#x0022;M.B_CORRIGE_COORD_CLIENT_DEST&#x0022;, &#x0022;M.B_CORRIGE_ID_DEST&#x0022;, &#x0022;M.B_CORRIGE_CRIT_ROUTAGE_SECOND&#x0022;, &#x0022;M.B_CORRIGE_ZONE_RESERVEE_2&#x0022;, &#x0022;M.B_CORRIGE_LIB_ABRE_DOMICIL&#x0022;, &#x0022;M.B_CORRIGE_ZONE_RESERVEE_3&#x0022;, &#x0022;M.B_VRF_29_89_COORD_CLIENT_DO&#x0022;, &#x0022;M.B_VRF_29_89_COORD_CLIENT_DEST&#x0022;, &#x0022;M.B_VRF_29_89_NOM_CLIENT_DO&#x0022;, &#x0022;M.B_VRF_29_89_ZONE_RESERVEE1&#x0022;, &#x0022;M.B_VRF_29_89_NOM_CLIENT_DEST&#x0022;, &#x0022;M.B_VRF_29_89_LIB_ABRE_DOMICIL&#x0022;, &#x0022;M.B_VRF_29_89_ZONE_RESERVEE2&#x0022;, &#x0022;M.B_VRF_29_89_LIB1_CLIENT_DEST&#x0022;, &#x0022;M.B_VRF_29_89_LIB2_CLIENT_DEST&#x0022;, &#x0022;M.B_VRF_69_COORD_CLIENT_CEDANT&#x0022;, &#x0022;M.B_VRF_69_COORD_CLIENT_TIRE&#x0022;, &#x0022;M.B_VRF_69_NOM_TIREUR&#x0022;, &#x0022;M.B_VRF_69_DATE_ECHEANCE_LCR&#x0022;, &#x0022;M.B_VRF_69_DATE_CREATION&#x0022;, &#x0022;M.B_VRF_69_DATE_ENTREE_PTF&#x0022;, &#x0022;M.B_VRF_69_ZONE_RESERVEE1&#x0022;, &#x0022;M.B_VRF_69_NOM_TIRE&#x0022;, &#x0022;M.B_VRF_69_ACCEPTATION&#x0022;, &#x0022;M.B_VRF_69_CODE_ENTREE&#x0022;, &#x0022;M.B_VRF_69_REF_TIREUR&#x0022;, &#x0022;M.B_VRF_69_REF_TIRE&#x0022;, &#x0022;M.B_VRF_69_NUM_SIREN_TIREUR&#x0022;, &#x0022;M.B_VRF_69_ZONE_RESERVEE2&#x0022;, &#x0022;M.B_VRF_69_LIB_ABRE_DOMICIL&#x0022;, &#x0022;M.B_VRF_69_ZONE_RESERVEE3&#x0022;, &#x0022;M.B_VRF_69_IND_BALANCE_PAIEMENT&#x0022;, &#x0022;M.B_VRF_69_ZONE_RESERVEE4&#x0022;, &#x0022;M.B_OR_NATURE_OPE_OBJET&#x0022;, &#x0022;M.B_OR_REF_OPE&#x0022;, &#x0022;M.B_OR_MOTIF_ODR&#x0022;, &#x0022;M.B_OR_COORD_EXPEDITEUR&#x0022;, &#x0022;M.B_OR_ZONE_USAGES_ETBLMT&#x0022;, &#x0022;M.B_OR_ZONE_LIB_CONTACT&#x0022;, &#x0022;M.B_OR_ZONE_RESERVEE&#x0022;, &#x0022;M.B_APL_COORD_CLIENT_DO&#x0022;, &#x0022;M.B_APL_COORD_CLIENT_DEST&#x0022;, &#x0022;M.B_APL_NOM_CLIENT_DO&#x0022;, &#x0022;M.B_APL_NNE&#x0022;, &#x0022;M.B_APL_ZONE_RESERVEE1&#x0022;, &#x0022;M.B_APL_NOM_CLIENT_DEST&#x0022;, &#x0022;M.B_APL_LIB_ABRE_DOMICIL&#x0022;, &#x0022;M.B_APL_ZONE_RESERVEE2&#x0022;, &#x0022;M.B_APL_LIB_CLIENT_DEST&#x0022;, &#x0022;M.B_APL_LIB2_CLIENT_DEST&#x0022;, &#x0022;M.B_CHGT_CREAN_COORD_CLIENT_DO&#x0022;, &#x0022;M.B_CHGT_CREAN_COORD_CLIENT_DEST&#x0022;, &#x0022;M.B_CHGT_CREAN_NOM_DU_CLIENT_DO&#x0022;, &#x0022;M.B_CHGT_CREAN_ANCIEN_NNE&#x0022;, &#x0022;M.B_CHGT_CREAN_NOUVEAU_NNE&#x0022;, &#x0022;M.B_CHGT_CREAN_CODE_NOTIFICATION&#x0022;, &#x0022;M.B_CHGT_CREAN_CODE_ACTION&#x0022;, &#x0022;M.B_CHGT_CREAN_DT_DEB_VAL_NV_NNE&#x0022;, &#x0022;M.B_CHGT_CREAN_CODE_MOTIF&#x0022;, &#x0022;M.B_CHGT_CREAN_RESERVEE1&#x0022;, &#x0022;M.B_CHGT_CREAN_NOM_CLIENT_DEST&#x0022;, &#x0022;M.B_CHGT_CREANC_LIB_ABRE_DOMICIL&#x0022;, &#x0022;M.B_CHGT_CREAN_RESERVEE2&#x0022;, &#x0022;M.B_PEL_30_COORD_DO&#x0022;, &#x0022;M.B_PEL_30_DATE_EMISSION_LOT_OPE&#x0022;, &#x0022;M.B_PEL_30_CIB_CENTRALISATEUR&#x0022;, &#x0022;M.B_PEL_30_REF_PRIME&#x0022;, &#x0022;M.B_PEL_30_CODE_QUALITE&#x0022;, &#x0022;M.B_PEL_30_NOM_BENEF_PRIME&#x0022;, &#x0022;M.B_PEL_30_PRENOM_BENEF_PRIME&#x0022;, &#x0022;M.B_PEL_30_DATE_NAISSANCE_BENEF&#x0022;, &#x0022;M.B_PEL_30_MNT_PRIME_SURPRIME&#x0022;, &#x0022;M.B_PEL_30_DATE_CONTRAT_PRET&#x0022;, &#x0022;M.B_PEL_30_DATE_OUVERTURE_PLAN&#x0022;, &#x0022;M.B_PEL_30_DATE_CLOTURE_PLAN&#x0022;, &#x0022;M.B_PEL_30_CIB_INITIATEUR_PEL_1&#x0022;, &#x0022;M.B_PEL_30_REF_PRIME_PEL_1&#x0022;, &#x0022;M.B_PEL_30_MNT_INTERET_PEL_1&#x0022;, &#x0022;M.B_PEL_30_CIB_INITIATEUR_PEL_2&#x0022;, &#x0022;M.B_PEL_30_REF_PRIME_PEL_2&#x0022;, &#x0022;M.NATURE_OPE&#x0022;, &#x0022;M.MOTIF_REDRESSEMENT&#x0022;, &#x0022;M.NUM_CPTE_DEST_CORRIGE&#x0022;, &#x0022;M.LIB_DOMICIL_CORRIGE&#x0022;, &#x0022;M.MOTIF_REJET_ANNULATION&#x0022;, &#x0022;M.ETBLT_CONCERNE&#x0022;, &#x0022;M.REF_CDC&#x0022;, &#x0022;M.DELAIS_REGLEMENT_OPERATION&#x0022;, &#x0022;M.CODE_GRP_REMETTANT&#x0022;, &#x0022;M.LIB_GRP_REMETTANT&#x0022;, &#x0022;M.TYPE_ETABLT&#x0022;, &#x0022;M.SENS_COMPTABLE_OPE&#x0022;, &#x0022;M.IND_CONNEXE&#x0022;, &#x0022;M.S2_LONG_OPE&#x0022;, &#x0022;M.S3_CODE_ARTICLE&#x0022;, &#x0022;M.S4_CODE_OPE&#x0022;, &#x0022;M.S5_TYPE_ID_DO&#x0022;, &#x0022;M.S6_ID_DO&#x0022;, &#x0022;M.S7_TYPE_ID_DEST&#x0022;, &#x0022;M.S8_ID_DEST&#x0022;, &#x0022;M.S9_CRITERE_ROUT_SECONDAIRE&#x0022;, &#x0022;M.S10_CODE_DEVISE&#x0022;, &#x0022;M.S11_MNT_COMPENSE&#x0022;, &#x0022;M.S12_DATE_REGLEMENT_DEMANDE&#x0022;, &#x0022;M.S13_IND_MODIF_DDR&#x0022;, &#x0022;M.S14_CODE_COMMISSION&#x0022;, &#x0022;M.S15_COMMISSION_INTERBANCAIRE&#x0022;, &#x0022;M.S16_ZONE_RESERVEE_DECLARATION&#x0022;, &#x0022;M.S17_CODE_ANOMALIE&#x0022;, &#x0022;M.S18_ZONE_RESERVEE&#x0022;, &#x0022;M.OPE_INITIALE&#x0022;, &#x0022;M.ZONE_OPE_CONNEXE&#x0022;, &#x0022;M.B1_SOUS_CODE_OPE&#x0022;, &#x0022;M.B2_REF_OPE&#x0022;, &#x0022;M.B3_REF_PRESENTATEUR&#x0022;, &#x0022;M.B_VIRMT_COORD_DO&#x0022;, &#x0022;M.B_VIRMT_COORD_CLIENT_DEST&#x0022;, &#x0022;M.B_VIRMT_NOM_CLIENT_DO&#x0022;, &#x0022;M.B_VIRMT_COMPLEMENT_NORMALISE&#x0022;, &#x0022;M.B_VIRMT_ZONE_RESERVEE_VIRMT_1&#x0022;, &#x0022;M.B_VIRMT_NOM_CLIENT_DEST&#x0022;, &#x0022;M.B_VIRMT_LIB_ABRE_DOMICIL&#x0022;, &#x0022;M.B_VIRMT_CONSIGNES_RETARD&#x0022;, &#x0022;M.B_VRMT_IND_BALANCE_PAIEMENT&#x0022;, &#x0022;M.B_VIRMT_ZONE_RESERVEE_VIRMT_2&#x0022;, &#x0022;M.B_VIRMT_LIB1_DEST&#x0022;, &#x0022;M.B_VIRMT_LIB2_DEST&#x0022;, &#x0022;M.B_PRVLT_COORD_CLIENT_DO&#x0022;, &#x0022;M.B_PRVLT_COORD_CLIENT_DEST&#x0022;, &#x0022;M.B_PRVLT_NOM_CLIENT_DO&#x0022;, &#x0022;M.B_PRVLT_NNE&#x0022;, &#x0022;M.B_PRVLT_ZONE_RESERVEE_1&#x0022;, &#x0022;M.B_PRVLT_NOM_CLIENT_DEST&#x0022;, &#x0022;M.B_PRVLT_LIB_ABRE_DOMICIL&#x0022;, &#x0022;M.B_PRVLT_IND_BALANCE_PAIEMENT&#x0022;, &#x0022;M.B_PRVLT_ZONE_RESERVEE_2&#x0022;, &#x0022;M.B_PRVLT_LIB1_DEST&#x0022;, &#x0022;M.B_PRVLT_LIB2_DEST&#x0022;, &#x0022;M.B_LCR_COORD_CLIENT_CEDANT&#x0022;, &#x0022;M.B_LCR_COORD_CLIENT_TIRE&#x0022;, &#x0022;M.B_LCR_NOM_TIREUR&#x0022;, &#x0022;M.B_LCR_DATE_ECHEANCE&#x0022;, &#x0022;M.B_LCR_DATE_CREATION&#x0022;, &#x0022;M.B_LCR_DATE_ENTREE_PTF&#x0022;, &#x0022;M.B_LCR_ZONE_RESERVEE_1&#x0022;, &#x0022;M.B_LCR_NOM_TIRE&#x0022;, &#x0022;M.B_LCR_ACCEPTATION&#x0022;, &#x0022;M.B_LCR_CODE_ENTREE&#x0022;, &#x0022;M.B_LCR_REF_TIREUR&#x0022;, &#x0022;M.B_LCR_REF_TIRE&#x0022;, &#x0022;M.B_LCR_NUM_SIREN_TIREUR&#x0022;, &#x0022;M.B_LCR_ZONE_RESERVEE_2&#x0022;, &#x0022;M.B_LCR_LIB_DOMICIL&#x0022;, &#x0022;M.B_LCR_ZONE_RESERVEE_3&#x0022;, &#x0022;M.B_LCR_IND_BALANCE_PAIMENTS&#x0022;, &#x0022;M.B_LCR_ZONE_RESERVEE_4&#x0022;, &#x0022;M.B_TIP_COORD_CLIENT_DO&#x0022;, &#x0022;M.B_TIP_COORD_CLIENT_DEST&#x0022;, &#x0022;M.B_TIP_NOM_CLIENT_DO&#x0022;, &#x0022;M.B_TIP_NNE&#x0022;, &#x0022;M.B_TIP_NUM_IDENTIFICATION_CETIP&#x0022;, &#x0022;M.B_TIP_ZONE_RESERVEE_1&#x0022;, &#x0022;M.B_TIP_NOM_CLIENT_DEST&#x0022;, &#x0022;M.B_TIP_LIB_ABRE_DOMICIL&#x0022;, &#x0022;M.B_TIP_IND_BALANCE_PAIEMENT&#x0022;, &#x0022;M.B_TIP_ZONE_RESERVEE_2&#x0022;, &#x0022;M.B_TIP_LIB1_CLIENT_DEST&#x0022;, &#x0022;M.B_TIP_LIB2_CLIENT_DEST&#x0022;, &#x0022;M.B_IC_REF_OPE&#x0022;, &#x0022;M.B_IC_ZONE_BANQUIER_REMETTANT&#x0022;, &#x0022;M.B_IC_NUM_CHEQUE_CMC7_4&#x0022;, &#x0022;M.B_IC_ZONE_INTERBANCAIRE_CMC7_3&#x0022;, &#x0022;M.B_IC_ZONE_INTERIEURE_CMC7_2&#x0022;, &#x0022;M.B_IC_IND_BALANCE_PAIEMENT&#x0022;, &#x0022;M.B_IC_ZONE_USAGE_ETBLMT&#x0022;, &#x0022;M.B_IC_INDICE_CIRCULATION&#x0022;, &#x0022;M.B_IC_ZONE_RESERVEE_IC&#x0022;, &#x0022;M.B_RJT_CODE_MOTIF&#x0022;, &#x0022;M.B_RJT_REF_OPE&#x0022;, &#x0022;M.B_RJT_REF_PRESENTATEUR&#x0022;, &#x0022;M.B_RJT_ZONE_RESERVEE&#x0022;, &#x0022;M.B_RJT_560_820_821_REF_OPE&#x0022;, &#x0022;M.B_RJT_560_INDICE_DELAI&#x0022;, &#x0022;M.B_RJT_560_IND_RESTIT_PHYSQUE&#x0022;, &#x0022;M.B_RJT_560_INDIC_CERTIF_NON_PMT&#x0022;, &#x0022;M.B_RJT_560_NATURE_INTERDICTION&#x0022;, $COL_DATE_OPE, '${DATE_INSERT}' as DATE_INSERT, '${ID_TRAITEMENT}' as ID_TRAITEMENT  FROM FAIT_MINOS_OPERATIONS M INNER JOIN 
							(select distinct DATE_RGLMT
								from SUIVI_MAEVA_RECAP
								WHERE DATE_RECEPT &gt;=to_date('$TIMESTAMP_MIN', 'YYYY-MM-DD HH24:MI:SS') AND DATE_RECEPT &lt;to_date('$TIMESTAMP_MAX', 'YYYY-MM-DD HH24:MI:SS')
							    AND TYPE_FICHIER='OM') S 
								ON 
								(M.DATE_REGLMT=S.DATE_RGLMT)
						WHERE to_date(M.NUM_FICH,'YYYYMMDD')&gt;=to_date('$TIMESTAMP_MIN', 'YYYY-MM-DD HH24:MI:SS') AND to_date(M.NUM_FICH,'YYYYMMDD')&lt;to_date('$TIMESTAMP_MAX', 'YYYY-MM-DD HH24:MI:SS')">
	<COLONNE NOM="B_RJT_560_DATE_INTERDICTION" TYPE_SRC="DATE" TYPE_DEST="DATE"></COLONNE>
	<COLONNE NOM="FLAG_EVOLMPM" TYPE_SRC="VARCHAR2" TYPE_DEST="STRING"></COLONNE>
	<COLONNE NOM="DEBRAYAGE_CTRL_EMBARGO" TYPE_SRC="VARCHAR2" TYPE_DEST="STRING"></COLONNE>
	<COLONNE NOM="DATE_COMPTABLE_EVOLMPM" TYPE_SRC="DATE" TYPE_DEST="DATE"></COLONNE>
	<COLONNE NOM="XTIMTS" TYPE_SRC="TIMESTAMP(6)" TYPE_DEST="TIMESTAMP"></COLONNE>
	<COLONNE NOM="ID_TECHNIQUE" TYPE_SRC="NUMBER" TYPE_DEST="DECIMAL(38,0)"></COLONNE>
	<COLONNE NOM="ID_REMISE" TYPE_SRC="NUMBER" TYPE_DEST="DECIMAL(38,0)"></COLONNE>
	<COLONNE NOM="ID_TYPE_OPE" TYPE_SRC="NUMBER" TYPE_DEST="DECIMAL(38,0)"></COLONNE>
	<COLONNE NOM="ID_COMPTE_EMETTEUR" TYPE_SRC="NUMBER" TYPE_DEST="DECIMAL(38,0)"></COLONNE>
	<COLONNE NOM="ID_CLIENT_EMETTEUR" TYPE_SRC="NUMBER" TYPE_DEST="DECIMAL(38,0)"></COLONNE>
	<COLONNE NOM="ID_COMPTE_DEST" TYPE_SRC="NUMBER" TYPE_DEST="DECIMAL(38,0)"></COLONNE>
	<COLONNE NOM="ID_CLIENT_DEST" TYPE_SRC="NUMBER" TYPE_DEST="DECIMAL(38,0)"></COLONNE>
	<COLONNE NOM="ID_SERVICES" TYPE_SRC="VARCHAR2" TYPE_DEST="STRING"></COLONNE>
	<COLONNE NOM="ID_COMMIS_INTER_BQ" TYPE_SRC="NUMBER" TYPE_DEST="DECIMAL(38,0)"></COLONNE>
	<COLONNE NOM="ID_COMMIS_BDF_ENASIT" TYPE_SRC="NUMBER" TYPE_DEST="DECIMAL(38,0)"></COLONNE>
	<COLONNE NOM="ID_COMMIS_BDF" TYPE_SRC="NUMBER" TYPE_DEST="DECIMAL(38,0)"></COLONNE>
	<COLONNE NOM="ID_MOTIF_REJET" TYPE_SRC="NUMBER" TYPE_DEST="DECIMAL(38,0)"></COLONNE>
	<COLONNE NOM="TYPE_FICHIER" TYPE_SRC="VARCHAR2" TYPE_DEST="STRING"></COLONNE>
	<COLONNE NOM="SENS_ECHANGE" TYPE_SRC="VARCHAR2" TYPE_DEST="STRING"></COLONNE>
	<COLONNE NOM="CODE_FAMILLE_OPE" TYPE_SRC="VARCHAR2" TYPE_DEST="STRING"></COLONNE>
	<COLONNE NOM="NUM_FICH" TYPE_SRC="NUMBER" TYPE_DEST="DECIMAL(38,0)"></COLONNE>
	<COLONNE NOM="NUM_REMISE" TYPE_SRC="VARCHAR2" TYPE_DEST="STRING"></COLONNE>
	<COLONNE NOM="NUM_REMISE_TECH" TYPE_SRC="VARCHAR2" TYPE_DEST="STRING"></COLONNE>
	<COLONNE NOM="DATE_PEC_AMONT" TYPE_SRC="DATE" TYPE_DEST="DATE"></COLONNE>
	<COLONNE NOM="HEURE_PEC_AMONT" TYPE_SRC="VARCHAR2" TYPE_DEST="STRING"></COLONNE>
	<COLONNE NOM="DATE_PRES_REMISE_TECH" TYPE_SRC="DATE" TYPE_DEST="DATE"></COLONNE>
	<COLONNE NOM="HEURE_PRESENTATION_REMISE" TYPE_SRC="VARCHAR2" TYPE_DEST="STRING"></COLONNE>
	<COLONNE NOM="RIO" TYPE_SRC="VARCHAR2" TYPE_DEST="STRING"></COLONNE>
	<COLONNE NOM="CODE_OPE" TYPE_SRC="VARCHAR2" TYPE_DEST="STRING"></COLONNE>
	<COLONNE NOM="SOUS_CODE_OPE" TYPE_SRC="VARCHAR2" TYPE_DEST="STRING"></COLONNE>
	<COLONNE NOM="SYSTEME_ECHANGE" TYPE_SRC="VARCHAR2" TYPE_DEST="STRING"></COLONNE>
	<COLONNE NOM="DATE_ECHANGE" TYPE_SRC="DATE" TYPE_DEST="DATE"></COLONNE>
	<COLONNE NOM="DATE_REGLMT" TYPE_SRC="DATE" TYPE_DEST="DATE"></COLONNE>
	<COLONNE NOM="DATE_TRAITEMENT_AVAL_RECU" TYPE_SRC="DATE" TYPE_DEST="DATE"></COLONNE>
	<COLONNE NOM="CODE_CLC_DO" TYPE_SRC="VARCHAR2" TYPE_DEST="STRING"></COLONNE>
	<COLONNE NOM="NNE" TYPE_SRC="VARCHAR2" TYPE_DEST="STRING"></COLONNE>
	<COLONNE NOM="GUICHET_DO" TYPE_SRC="VARCHAR2" TYPE_DEST="STRING"></COLONNE>
	<COLONNE NOM="NUM_CPTE_DO" TYPE_SRC="VARCHAR2" TYPE_DEST="STRING"></COLONNE>
	<COLONNE NOM="NOM_CLIENT_DO" TYPE_SRC="VARCHAR2" TYPE_DEST="STRING"></COLONNE>
	<COLONNE NOM="GUICHET_DEST" TYPE_SRC="VARCHAR2" TYPE_DEST="STRING"></COLONNE>
	<COLONNE NOM="NUM_CPTE_DEST" TYPE_SRC="VARCHAR2" TYPE_DEST="STRING"></COLONNE>
	<COLONNE NOM="NOM_CLIENT_DEST" TYPE_SRC="VARCHAR2" TYPE_DEST="STRING"></COLONNE>
	<COLONNE NOM="CODE_CLC_DEST" TYPE_SRC="VARCHAR2" TYPE_DEST="STRING"></COLONNE>
	<COLONNE NOM="NUM_CHEQUE" TYPE_SRC="VARCHAR2" TYPE_DEST="STRING"></COLONNE>
	<COLONNE NOM="REF_OPE" TYPE_SRC="VARCHAR2" TYPE_DEST="STRING"></COLONNE>
	<COLONNE NOM="SYS_NC00316\$" TYPE_SRC="VARCHAR2" TYPE_DEST="STRING"></COLONNE>
	<COLONNE NOM="SYS_NC00317\$" TYPE_SRC="VARCHAR2" TYPE_DEST="STRING"></COLONNE>
	<COLONNE NOM="B_PEL_30_MNT_INTERET_PEL_2" TYPE_SRC="NUMBER" TYPE_DEST="DECIMAL(18,2)"></COLONNE>
	<COLONNE NOM="B_PEL_30_NB_PERSONNES_CHARGES" TYPE_SRC="NUMBER" TYPE_DEST="INT"></COLONNE>
	<COLONNE NOM="B_PEL_30_CIB_DEST_REJET" TYPE_SRC="VARCHAR2" TYPE_DEST="STRING"></COLONNE>
	<COLONNE NOM="B_PEL_30_IND_NATURE" TYPE_SRC="CHAR" TYPE_DEST="STRING"></COLONNE>
	<COLONNE NOM="B_PEL_30_CODE_HOMONYMIE_PEL" TYPE_SRC="VARCHAR2" TYPE_DEST="STRING"></COLONNE>
	<COLONNE NOM="B_PEL_30_DATE_CESSION_PEL" TYPE_SRC="DATE" TYPE_DEST="DATE"></COLONNE>
	<COLONNE NOM="B_PEL_30_DESTINATION_PRET_CEL" TYPE_SRC="CHAR" TYPE_DEST="STRING"></COLONNE>
	<COLONNE NOM="B_PEL_30_NUM_EPL_CEL" TYPE_SRC="VARCHAR2" TYPE_DEST="STRING"></COLONNE>
	<COLONNE NOM="B_PEL_30_CIB_PRETEUR" TYPE_SRC="VARCHAR2" TYPE_DEST="STRING"></COLONNE>
	<COLONNE NOM="B_PEL_30_NUM_PRET" TYPE_SRC="VARCHAR2" TYPE_DEST="STRING"></COLONNE>
	<COLONNE NOM="B_PEL_30_NB_NV_PEL_LIE_PRET" TYPE_SRC="VARCHAR2" TYPE_DEST="STRING"></COLONNE>
	<COLONNE NOM="B_PEL_30_DATE_PREM_DEBLOCAGE" TYPE_SRC="DATE" TYPE_DEST="DATE"></COLONNE>
	<COLONNE NOM="B_PEL_30_DATE_OUVERTURE_PEL_1" TYPE_SRC="DATE" TYPE_DEST="DATE"></COLONNE>
	<COLONNE NOM="B_PEL_30_DATE_OUVERTURE_PEL_2" TYPE_SRC="DATE" TYPE_DEST="DATE"></COLONNE>
	<COLONNE NOM="B_PEL_30_ZONE_RESERVEE" TYPE_SRC="VARCHAR2" TYPE_DEST="STRING"></COLONNE>
	<COLONNE NOM="B_PEL_31_COORD_DO" TYPE_SRC="VARCHAR2" TYPE_DEST="STRING"></COLONNE>
	<COLONNE NOM="B_PEL_31_CODE_QUALITE" TYPE_SRC="VARCHAR2" TYPE_DEST="STRING"></COLONNE>
	<COLONNE NOM="B_PEL_31_NOM_BENEF_PRIME" TYPE_SRC="VARCHAR2" TYPE_DEST="STRING"></COLONNE>
	<COLONNE NOM="B_PEL_31_PRENOM_BENEF_PRIME" TYPE_SRC="VARCHAR2" TYPE_DEST="STRING"></COLONNE>
	<COLONNE NOM="B_PEL_31_DATE_NAISSANCE_BENEF" TYPE_SRC="DATE" TYPE_DEST="DATE"></COLONNE>
	<COLONNE NOM="B_PEL_31_NUM_NOUVEAU_PEL" TYPE_SRC="VARCHAR2" TYPE_DEST="STRING"></COLONNE>
	<COLONNE NOM="B_PEL_31_CIB_PRETEUR" TYPE_SRC="VARCHAR2" TYPE_DEST="STRING"></COLONNE>
	<COLONNE NOM="B_PEL_31_NUM_PRET" TYPE_SRC="VARCHAR2" TYPE_DEST="STRING"></COLONNE>
	<COLONNE NOM="B_PEL_31_NB_NV_PEL_LIE_PRET" TYPE_SRC="VARCHAR2" TYPE_DEST="STRING"></COLONNE>
	<COLONNE NOM="B_PEL_31_DATE_PREM_DEBLOCAGE" TYPE_SRC="VARCHAR2" TYPE_DEST="STRING"></COLONNE>
	<COLONNE NOM="B_PEL_31_DATE_ACCEPT_OFFRE" TYPE_SRC="VARCHAR2" TYPE_DEST="STRING"></COLONNE>
	<COLONNE NOM="B_PEL_31_CIB_INITIATEUR_PEL" TYPE_SRC="VARCHAR2" TYPE_DEST="STRING"></COLONNE>
	<COLONNE NOM="B_PEL_31_ZONE_RESERVEE" TYPE_SRC="VARCHAR2" TYPE_DEST="STRING"></COLONNE>
	<COLONNE NOM="B_DAB_290_COORD_DISTRIBUTEUR" TYPE_SRC="VARCHAR2" TYPE_DEST="STRING"></COLONNE>
	<COLONNE NOM="B_DAB_290_COORD_CLIENT_DEST" TYPE_SRC="VARCHAR2" TYPE_DEST="STRING"></COLONNE>
	<COLONNE NOM="B_DAB_290_NOM_BANQUE_APPAREIL" TYPE_SRC="VARCHAR2" TYPE_DEST="STRING"></COLONNE>
	<COLONNE NOM="B_DAB_290_TYPE_RETRAIT" TYPE_SRC="VARCHAR2" TYPE_DEST="STRING"></COLONNE>
	<COLONNE NOM="B_DAB_290_TYPE_TRAITMNT_PISTE" TYPE_SRC="NUMBER" TYPE_DEST="INT"></COLONNE>
	<COLONNE NOM="B_DAB_290_CODE_SRVC_CODE_RES" TYPE_SRC="NUMBER" TYPE_DEST="INT"></COLONNE>
	<COLONNE NOM="B_DAB_290_NUM_DEPT_DISTRIB" TYPE_SRC="VARCHAR2" TYPE_DEST="STRING"></COLONNE>
	<COLONNE NOM="B_DAB_290_RESERVE1" TYPE_SRC="NUMBER" TYPE_DEST="BIGINT"></COLONNE>
	<COLONNE NOM="B_DAB_290_RESERVE2" TYPE_SRC="VARCHAR2" TYPE_DEST="STRING"></COLONNE>
	<COLONNE NOM="B_DAB_290_ZONE_COMM_DESSIN_OC" TYPE_SRC="NUMBER" TYPE_DEST="BIGINT"></COLONNE>
	<COLONNE NOM="B_DAB_290_TOP_SPC" TYPE_SRC="VARCHAR2" TYPE_DEST="STRING"></COLONNE>
	<COLONNE NOM="B_DAB_290_ZONE_RESERVEE1" TYPE_SRC="VARCHAR2" TYPE_DEST="STRING"></COLONNE>
	<COLONNE NOM="B_DAB_290_ID_INITIAL" TYPE_SRC="VARCHAR2" TYPE_DEST="STRING"></COLONNE>
	<COLONNE NOM="B_DAB_290_LIB_RETRAIT" TYPE_SRC="VARCHAR2" TYPE_DEST="STRING"></COLONNE>
	<COLONNE NOM="B_DAB_290_CODE_ETBLMT_DO_INIT" TYPE_SRC="VARCHAR2" TYPE_DEST="STRING"></COLONNE>
	<COLONNE NOM="B_DAB_290_DATE_RETRAIT" TYPE_SRC="VARCHAR2" TYPE_DEST="STRING"></COLONNE>
	<COLONNE NOM="B_DAB_290_HEURE_RETRAIT" TYPE_SRC="VARCHAR2" TYPE_DEST="STRING"></COLONNE>
	<COLONNE NOM="B_DAB_290_NUM_AUTORISATION" TYPE_SRC="VARCHAR2" TYPE_DEST="STRING"></COLONNE>
	<COLONNE NOM="B_DAB_290_TYPE_PRESENTATION" TYPE_SRC="VARCHAR2" TYPE_DEST="STRING"></COLONNE>
	<COLONNE NOM="B_DAB_290_MOTIF_REJET_IMPAYE" TYPE_SRC="VARCHAR2" TYPE_DEST="STRING"></COLONNE>
	<COLONNE NOM="B_DAB_290_ZONE_RESERVEE2" TYPE_SRC="VARCHAR2" TYPE_DEST="STRING"></COLONNE>
	<COLONNE NOM="B_DTC_166_NATURE_DEMANDE" TYPE_SRC="VARCHAR2" TYPE_DEST="STRING"></COLONNE>
	<COLONNE NOM="B_DTC_166_REF_OPE" TYPE_SRC="VARCHAR2" TYPE_DEST="STRING"></COLONNE>
	<COLONNE NOM="B_DTC_166_COORD_EXP" TYPE_SRC="VARCHAR2" TYPE_DEST="STRING"></COLONNE>
	<COLONNE NOM="B_DTC_166_ZONE_ETABLT" TYPE_SRC="VARCHAR2" TYPE_DEST="STRING"></COLONNE>
	<COLONNE NOM="B_DTC_166_IDENT_EMETTEUR" TYPE_SRC="VARCHAR2" TYPE_DEST="STRING"></COLONNE>
	<COLONNE NOM="B_DTC_166_ZONE_RESERVEE" TYPE_SRC="VARCHAR2" TYPE_DEST="STRING"></COLONNE>
	<COLONNE NOM="B_ONC_169_NATURE_OPE_OBJ_ONC" TYPE_SRC="VARCHAR2" TYPE_DEST="STRING"></COLONNE>
	<COLONNE NOM="B_ONC_169_REF_OPE" TYPE_SRC="VARCHAR2" TYPE_DEST="STRING"></COLONNE>
	<COLONNE NOM="B_ONC_169_COORD_EXP" TYPE_SRC="VARCHAR2" TYPE_DEST="STRING"></COLONNE>
	<COLONNE NOM="B_ONC_169_ZONE_ETBLT" TYPE_SRC="VARCHAR2" TYPE_DEST="STRING"></COLONNE>
	<COLONNE NOM="B_ONC_169_ZONE_LIBELLE" TYPE_SRC="VARCHAR2" TYPE_DEST="STRING"></COLONNE>
	<COLONNE NOM="B_ONC_169_CAT_ONC" TYPE_SRC="VARCHAR2" TYPE_DEST="STRING"></COLONNE>
	<COLONNE NOM="B_ONC_169_ZONE_RESERVEE" TYPE_SRC="VARCHAR2" TYPE_DEST="STRING"></COLONNE>
	<COLONNE NOM="DATE_INSERT_INGRE"  TYPE_SRC="NUMBER" TYPE_DEST="BIGINT"></COLONNE>
	<COLONNE NOM="B_62_CODE_MOTIF_DEMANDE_RESTIT" TYPE_SRC="VARCHAR2" TYPE_DEST="STRING"></COLONNE>
	<COLONNE NOM="B_62_ZONE_RESERVEE" TYPE_SRC="VARCHAR2" TYPE_DEST="STRING"></COLONNE>
	<COLONNE NOM="B_65_ZONE_RESERVEE_1" TYPE_SRC="VARCHAR2" TYPE_DEST="STRING"></COLONNE>
	<COLONNE NOM="B_65_ZONE_RESERVEE_2" TYPE_SRC="VARCHAR2" TYPE_DEST="STRING"></COLONNE>
	<COLONNE NOM="B_VRF_29_CONSIGNE_CLIENT" TYPE_SRC="VARCHAR2" TYPE_DEST="STRING"></COLONNE>
	<COLONNE NOM="B_VRF_29_89_IND_BALANCE_PAIEMT" TYPE_SRC="VARCHAR2" TYPE_DEST="STRING"></COLONNE>
	<COLONNE NOM="B_RJT_560_DATE_PRESENTATION" TYPE_SRC="DATE" TYPE_DEST="DATE"></COLONNE>
	<COLONNE NOM="B_RJT_560_NUM_CHEQUE" TYPE_SRC="VARCHAR2" TYPE_DEST="STRING"></COLONNE>
	<COLONNE NOM="B_RJT_560_NOM_TIREUR" TYPE_SRC="VARCHAR2" TYPE_DEST="STRING"></COLONNE>
	<COLONNE NOM="B_RJT_560_LIB_ABRE_DOMICIL" TYPE_SRC="VARCHAR2" TYPE_DEST="STRING"></COLONNE>
	<COLONNE NOM="B_RJT_560_NUM_CPTE_TIREUR" TYPE_SRC="VARCHAR2" TYPE_DEST="STRING"></COLONNE>
	<COLONNE NOM="B_RJT_560_COORD_EXPEDITEUR" TYPE_SRC="VARCHAR2" TYPE_DEST="STRING"></COLONNE>
	<COLONNE NOM="B_RJT_560_ZONE_USAGE_ETBLMT" TYPE_SRC="VARCHAR2" TYPE_DEST="STRING"></COLONNE>
	<COLONNE NOM="B_RJT_560_ZONE_RESERVEE" TYPE_SRC="VARCHAR2" TYPE_DEST="STRING"></COLONNE>
	<COLONNE NOM="B_RJT_820_821_ZONE_USAGE_ETABL" TYPE_SRC="VARCHAR2" TYPE_DEST="STRING"></COLONNE>
	<COLONNE NOM="B_RJT_820_821_ZONE_RESERVEE" TYPE_SRC="VARCHAR2" TYPE_DEST="STRING"></COLONNE>
	<COLONNE NOM="B_ANNUL_CODE_MOTIF" TYPE_SRC="VARCHAR2" TYPE_DEST="STRING"></COLONNE>
	<COLONNE NOM="B_ANNUL_REF_OPE" TYPE_SRC="VARCHAR2" TYPE_DEST="STRING"></COLONNE>
	<COLONNE NOM="B_ANNUL_REF_PRESENTATEUR" TYPE_SRC="VARCHAR2" TYPE_DEST="STRING"></COLONNE>
	<COLONNE NOM="B_ANNUL_ZONE_RESERVEE" TYPE_SRC="VARCHAR2" TYPE_DEST="STRING"></COLONNE>
	<COLONNE NOM="B_ANNUL_IC_MOTIF_ANNUL" TYPE_SRC="VARCHAR2" TYPE_DEST="STRING"></COLONNE>
	<COLONNE NOM="B_ANNUL_IC_REF_OPE" TYPE_SRC="VARCHAR2" TYPE_DEST="STRING"></COLONNE>
	<COLONNE NOM="B_ANNUL_IC_ZONE_USAGE_ETBLT" TYPE_SRC="VARCHAR2" TYPE_DEST="STRING"></COLONNE>
	<COLONNE NOM="B_ANNUL_IC_ZONE_RESEVEE" TYPE_SRC="VARCHAR2" TYPE_DEST="STRING"></COLONNE>
	<COLONNE NOM="B_CORRIGE_ZONE_RESERVEE_1" TYPE_SRC="VARCHAR2" TYPE_DEST="STRING"></COLONNE>
	<COLONNE NOM="B_CORRIGE_COORD_CLIENT_DEST" TYPE_SRC="VARCHAR2" TYPE_DEST="STRING"></COLONNE>
	<COLONNE NOM="B_CORRIGE_ID_DEST" TYPE_SRC="VARCHAR2" TYPE_DEST="STRING"></COLONNE>
	<COLONNE NOM="B_CORRIGE_CRIT_ROUTAGE_SECOND" TYPE_SRC="VARCHAR2" TYPE_DEST="STRING"></COLONNE>
	<COLONNE NOM="B_CORRIGE_ZONE_RESERVEE_2" TYPE_SRC="VARCHAR2" TYPE_DEST="STRING"></COLONNE>
	<COLONNE NOM="B_CORRIGE_LIB_ABRE_DOMICIL" TYPE_SRC="VARCHAR2" TYPE_DEST="STRING"></COLONNE>
	<COLONNE NOM="B_CORRIGE_ZONE_RESERVEE_3" TYPE_SRC="VARCHAR2" TYPE_DEST="STRING"></COLONNE>
	<COLONNE NOM="B_VRF_29_89_COORD_CLIENT_DO" TYPE_SRC="VARCHAR2" TYPE_DEST="STRING"></COLONNE>
	<COLONNE NOM="B_VRF_29_89_COORD_CLIENT_DEST" TYPE_SRC="VARCHAR2" TYPE_DEST="STRING"></COLONNE>
	<COLONNE NOM="B_VRF_29_89_NOM_CLIENT_DO" TYPE_SRC="VARCHAR2" TYPE_DEST="STRING"></COLONNE>
	<COLONNE NOM="B_VRF_29_89_ZONE_RESERVEE1" TYPE_SRC="VARCHAR2" TYPE_DEST="STRING"></COLONNE>
	<COLONNE NOM="B_VRF_29_89_NOM_CLIENT_DEST" TYPE_SRC="VARCHAR2" TYPE_DEST="STRING"></COLONNE>
	<COLONNE NOM="B_VRF_29_89_LIB_ABRE_DOMICIL" TYPE_SRC="VARCHAR2" TYPE_DEST="STRING"></COLONNE>
	<COLONNE NOM="B_VRF_29_89_ZONE_RESERVEE2" TYPE_SRC="VARCHAR2" TYPE_DEST="STRING"></COLONNE>
	<COLONNE NOM="B_VRF_29_89_LIB1_CLIENT_DEST" TYPE_SRC="VARCHAR2" TYPE_DEST="STRING"></COLONNE>
	<COLONNE NOM="B_VRF_29_89_LIB2_CLIENT_DEST" TYPE_SRC="VARCHAR2" TYPE_DEST="STRING"></COLONNE>
	<COLONNE NOM="B_VRF_69_COORD_CLIENT_CEDANT" TYPE_SRC="VARCHAR2" TYPE_DEST="STRING"></COLONNE>
	<COLONNE NOM="B_VRF_69_COORD_CLIENT_TIRE" TYPE_SRC="VARCHAR2" TYPE_DEST="STRING"></COLONNE>
	<COLONNE NOM="B_VRF_69_NOM_TIREUR" TYPE_SRC="VARCHAR2" TYPE_DEST="STRING"></COLONNE>
	<COLONNE NOM="B_VRF_69_DATE_ECHEANCE_LCR" TYPE_SRC="NUMBER" TYPE_DEST="INT"></COLONNE>
	<COLONNE NOM="B_VRF_69_DATE_CREATION" TYPE_SRC="NUMBER" TYPE_DEST="INT"></COLONNE>
	<COLONNE NOM="B_VRF_69_DATE_ENTREE_PTF" TYPE_SRC="NUMBER" TYPE_DEST="INT"></COLONNE>
	<COLONNE NOM="B_VRF_69_ZONE_RESERVEE1" TYPE_SRC="VARCHAR2" TYPE_DEST="STRING"></COLONNE>
	<COLONNE NOM="B_VRF_69_NOM_TIRE" TYPE_SRC="VARCHAR2" TYPE_DEST="STRING"></COLONNE>
	<COLONNE NOM="B_VRF_69_ACCEPTATION" TYPE_SRC="VARCHAR2" TYPE_DEST="STRING"></COLONNE>
	<COLONNE NOM="B_VRF_69_CODE_ENTREE" TYPE_SRC="VARCHAR2" TYPE_DEST="STRING"></COLONNE>
	<COLONNE NOM="B_VRF_69_REF_TIREUR" TYPE_SRC="VARCHAR2" TYPE_DEST="STRING"></COLONNE>
	<COLONNE NOM="B_VRF_69_REF_TIRE" TYPE_SRC="VARCHAR2" TYPE_DEST="STRING"></COLONNE>
	<COLONNE NOM="B_VRF_69_NUM_SIREN_TIREUR" TYPE_SRC="VARCHAR2" TYPE_DEST="STRING"></COLONNE>
	<COLONNE NOM="B_VRF_69_ZONE_RESERVEE2" TYPE_SRC="VARCHAR2" TYPE_DEST="STRING"></COLONNE>
	<COLONNE NOM="B_VRF_69_LIB_ABRE_DOMICIL" TYPE_SRC="VARCHAR2" TYPE_DEST="STRING"></COLONNE>
	<COLONNE NOM="B_VRF_69_ZONE_RESERVEE3" TYPE_SRC="VARCHAR2" TYPE_DEST="STRING"></COLONNE>
	<COLONNE NOM="B_VRF_69_IND_BALANCE_PAIEMENT" TYPE_SRC="VARCHAR2" TYPE_DEST="STRING"></COLONNE>
	<COLONNE NOM="B_VRF_69_ZONE_RESERVEE4" TYPE_SRC="VARCHAR2" TYPE_DEST="STRING"></COLONNE>
	<COLONNE NOM="B_OR_NATURE_OPE_OBJET" TYPE_SRC="VARCHAR2" TYPE_DEST="STRING"></COLONNE>
	<COLONNE NOM="B_OR_REF_OPE" TYPE_SRC="VARCHAR2" TYPE_DEST="STRING"></COLONNE>
	<COLONNE NOM="B_OR_MOTIF_ODR" TYPE_SRC="VARCHAR2" TYPE_DEST="STRING"></COLONNE>
	<COLONNE NOM="B_OR_COORD_EXPEDITEUR" TYPE_SRC="VARCHAR2" TYPE_DEST="STRING"></COLONNE>
	<COLONNE NOM="B_OR_ZONE_USAGES_ETBLMT" TYPE_SRC="VARCHAR2" TYPE_DEST="STRING"></COLONNE>
	<COLONNE NOM="B_OR_ZONE_LIB_CONTACT" TYPE_SRC="VARCHAR2" TYPE_DEST="STRING"></COLONNE>
	<COLONNE NOM="B_OR_ZONE_RESERVEE" TYPE_SRC="VARCHAR2" TYPE_DEST="STRING"></COLONNE>
	<COLONNE NOM="B_APL_COORD_CLIENT_DO" TYPE_SRC="VARCHAR2" TYPE_DEST="STRING"></COLONNE>
	<COLONNE NOM="B_APL_COORD_CLIENT_DEST" TYPE_SRC="VARCHAR2" TYPE_DEST="STRING"></COLONNE>
	<COLONNE NOM="B_APL_NOM_CLIENT_DO" TYPE_SRC="VARCHAR2" TYPE_DEST="STRING"></COLONNE>
	<COLONNE NOM="B_APL_NNE" TYPE_SRC="VARCHAR2" TYPE_DEST="STRING"></COLONNE>
	<COLONNE NOM="B_APL_ZONE_RESERVEE1" TYPE_SRC="VARCHAR2" TYPE_DEST="STRING"></COLONNE>
	<COLONNE NOM="B_APL_NOM_CLIENT_DEST" TYPE_SRC="VARCHAR2" TYPE_DEST="STRING"></COLONNE>
	<COLONNE NOM="B_APL_LIB_ABRE_DOMICIL" TYPE_SRC="VARCHAR2" TYPE_DEST="STRING"></COLONNE>
	<COLONNE NOM="B_APL_ZONE_RESERVEE2" TYPE_SRC="VARCHAR2" TYPE_DEST="STRING"></COLONNE>
	<COLONNE NOM="B_APL_LIB_CLIENT_DEST" TYPE_SRC="VARCHAR2" TYPE_DEST="STRING"></COLONNE>
	<COLONNE NOM="B_APL_LIB2_CLIENT_DEST" TYPE_SRC="VARCHAR2" TYPE_DEST="STRING"></COLONNE>
	<COLONNE NOM="B_CHGT_CREAN_COORD_CLIENT_DO" TYPE_SRC="VARCHAR2" TYPE_DEST="STRING"></COLONNE>
	<COLONNE NOM="B_CHGT_CREAN_COORD_CLIENT_DEST" TYPE_SRC="VARCHAR2" TYPE_DEST="STRING"></COLONNE>
	<COLONNE NOM="B_CHGT_CREAN_NOM_DU_CLIENT_DO" TYPE_SRC="VARCHAR2" TYPE_DEST="STRING"></COLONNE>
	<COLONNE NOM="B_CHGT_CREAN_ANCIEN_NNE" TYPE_SRC="VARCHAR2" TYPE_DEST="STRING"></COLONNE>
	<COLONNE NOM="B_CHGT_CREAN_NOUVEAU_NNE" TYPE_SRC="VARCHAR2" TYPE_DEST="STRING"></COLONNE>
	<COLONNE NOM="B_CHGT_CREAN_CODE_NOTIFICATION" TYPE_SRC="VARCHAR2" TYPE_DEST="STRING"></COLONNE>
	<COLONNE NOM="B_CHGT_CREAN_CODE_ACTION" TYPE_SRC="VARCHAR2" TYPE_DEST="STRING"></COLONNE>
	<COLONNE NOM="B_CHGT_CREAN_DT_DEB_VAL_NV_NNE" TYPE_SRC="VARCHAR2" TYPE_DEST="STRING"></COLONNE>
	<COLONNE NOM="B_CHGT_CREAN_CODE_MOTIF" TYPE_SRC="VARCHAR2" TYPE_DEST="STRING"></COLONNE>
	<COLONNE NOM="B_CHGT_CREAN_RESERVEE1" TYPE_SRC="VARCHAR2" TYPE_DEST="STRING"></COLONNE>
	<COLONNE NOM="B_CHGT_CREAN_NOM_CLIENT_DEST" TYPE_SRC="VARCHAR2" TYPE_DEST="STRING"></COLONNE>
	<COLONNE NOM="B_CHGT_CREANC_LIB_ABRE_DOMICIL" TYPE_SRC="VARCHAR2" TYPE_DEST="STRING"></COLONNE>
	<COLONNE NOM="B_CHGT_CREAN_RESERVEE2" TYPE_SRC="VARCHAR2" TYPE_DEST="STRING"></COLONNE>
	<COLONNE NOM="B_PEL_30_COORD_DO" TYPE_SRC="VARCHAR2" TYPE_DEST="STRING"></COLONNE>
	<COLONNE NOM="B_PEL_30_DATE_EMISSION_LOT_OPE" TYPE_SRC="DATE" TYPE_DEST="DATE"></COLONNE>
	<COLONNE NOM="B_PEL_30_CIB_CENTRALISATEUR" TYPE_SRC="VARCHAR2" TYPE_DEST="STRING"></COLONNE>
	<COLONNE NOM="B_PEL_30_REF_PRIME" TYPE_SRC="VARCHAR2" TYPE_DEST="STRING"></COLONNE>
	<COLONNE NOM="B_PEL_30_CODE_QUALITE" TYPE_SRC="VARCHAR2" TYPE_DEST="STRING"></COLONNE>
	<COLONNE NOM="B_PEL_30_NOM_BENEF_PRIME" TYPE_SRC="VARCHAR2" TYPE_DEST="STRING"></COLONNE>
	<COLONNE NOM="B_PEL_30_PRENOM_BENEF_PRIME" TYPE_SRC="VARCHAR2" TYPE_DEST="STRING"></COLONNE>
	<COLONNE NOM="B_PEL_30_DATE_NAISSANCE_BENEF" TYPE_SRC="DATE" TYPE_DEST="DATE"></COLONNE>
	<COLONNE NOM="B_PEL_30_MNT_PRIME_SURPRIME" TYPE_SRC="NUMBER" TYPE_DEST="DECIMAL(18,2)"></COLONNE>
	<COLONNE NOM="B_PEL_30_DATE_CONTRAT_PRET" TYPE_SRC="DATE" TYPE_DEST="DATE"></COLONNE>
	<COLONNE NOM="B_PEL_30_DATE_OUVERTURE_PLAN" TYPE_SRC="DATE" TYPE_DEST="DATE"></COLONNE>
	<COLONNE NOM="B_PEL_30_DATE_CLOTURE_PLAN" TYPE_SRC="DATE" TYPE_DEST="DATE"></COLONNE>
	<COLONNE NOM="B_PEL_30_CIB_INITIATEUR_PEL_1" TYPE_SRC="VARCHAR2" TYPE_DEST="STRING"></COLONNE>
	<COLONNE NOM="B_PEL_30_REF_PRIME_PEL_1" TYPE_SRC="VARCHAR2" TYPE_DEST="STRING"></COLONNE>
	<COLONNE NOM="B_PEL_30_MNT_INTERET_PEL_1" TYPE_SRC="NUMBER" TYPE_DEST="DECIMAL(18,2)"></COLONNE>
	<COLONNE NOM="B_PEL_30_CIB_INITIATEUR_PEL_2" TYPE_SRC="VARCHAR2" TYPE_DEST="STRING"></COLONNE>
	<COLONNE NOM="B_PEL_30_REF_PRIME_PEL_2" TYPE_SRC="VARCHAR2" TYPE_DEST="STRING"></COLONNE>
	<COLONNE NOM="NATURE_OPE" TYPE_SRC="VARCHAR2" TYPE_DEST="STRING"></COLONNE>
	<COLONNE NOM="MOTIF_REDRESSEMENT" TYPE_SRC="VARCHAR2" TYPE_DEST="STRING"></COLONNE>
	<COLONNE NOM="NUM_CPTE_DEST_CORRIGE" TYPE_SRC="VARCHAR2" TYPE_DEST="STRING"></COLONNE>
	<COLONNE NOM="LIB_DOMICIL_CORRIGE" TYPE_SRC="VARCHAR2" TYPE_DEST="STRING"></COLONNE>
	<COLONNE NOM="MOTIF_REJET_ANNULATION" TYPE_SRC="VARCHAR2" TYPE_DEST="STRING"></COLONNE>
	<COLONNE NOM="ETBLT_CONCERNE" TYPE_SRC="VARCHAR2" TYPE_DEST="STRING"></COLONNE>
	<COLONNE NOM="REF_CDC" TYPE_SRC="VARCHAR2" TYPE_DEST="STRING"></COLONNE>
	<COLONNE NOM="DELAIS_REGLEMENT_OPERATION" TYPE_SRC="NUMBER" TYPE_DEST="DECIMAL(38,0)"></COLONNE>
	<COLONNE NOM="CODE_GRP_REMETTANT" TYPE_SRC="VARCHAR2" TYPE_DEST="STRING"></COLONNE>
	<COLONNE NOM="LIB_GRP_REMETTANT" TYPE_SRC="VARCHAR2" TYPE_DEST="STRING"></COLONNE>
	<COLONNE NOM="TYPE_ETABLT" TYPE_SRC="VARCHAR2" TYPE_DEST="STRING"></COLONNE>
	<COLONNE NOM="SENS_COMPTABLE_OPE" TYPE_SRC="VARCHAR2" TYPE_DEST="STRING"></COLONNE>
	<COLONNE NOM="IND_CONNEXE" TYPE_SRC="CHAR" TYPE_DEST="STRING"></COLONNE>
	<COLONNE NOM="S2_LONG_OPE" TYPE_SRC="NUMBER" TYPE_DEST="INT"></COLONNE>
	<COLONNE NOM="S3_CODE_ARTICLE" TYPE_SRC="NUMBER" TYPE_DEST="INT"></COLONNE>
	<COLONNE NOM="S4_CODE_OPE" TYPE_SRC="VARCHAR2" TYPE_DEST="STRING"></COLONNE>
	<COLONNE NOM="S5_TYPE_ID_DO" TYPE_SRC="NUMBER" TYPE_DEST="INT"></COLONNE>
	<COLONNE NOM="S6_ID_DO" TYPE_SRC="VARCHAR2" TYPE_DEST="STRING"></COLONNE>
	<COLONNE NOM="S7_TYPE_ID_DEST" TYPE_SRC="NUMBER" TYPE_DEST="INT"></COLONNE>
	<COLONNE NOM="S8_ID_DEST" TYPE_SRC="VARCHAR2" TYPE_DEST="STRING"></COLONNE>
	<COLONNE NOM="S9_CRITERE_ROUT_SECONDAIRE" TYPE_SRC="VARCHAR2" TYPE_DEST="STRING"></COLONNE>
	<COLONNE NOM="S10_CODE_DEVISE" TYPE_SRC="VARCHAR2" TYPE_DEST="STRING"></COLONNE>
	<COLONNE NOM="S11_MNT_COMPENSE" TYPE_SRC="NUMBER" TYPE_DEST="DECIMAL(18,2)"></COLONNE>
	<COLONNE NOM="S12_DATE_REGLEMENT_DEMANDE" TYPE_SRC="DATE" TYPE_DEST="DATE"></COLONNE>
	<COLONNE NOM="S13_IND_MODIF_DDR" TYPE_SRC="NUMBER" TYPE_DEST="INT"></COLONNE>
	<COLONNE NOM="S14_CODE_COMMISSION" TYPE_SRC="NUMBER" TYPE_DEST="INT"></COLONNE>
	<COLONNE NOM="S15_COMMISSION_INTERBANCAIRE" TYPE_SRC="NUMBER" TYPE_DEST="INT"></COLONNE>
	<COLONNE NOM="S16_ZONE_RESERVEE_DECLARATION" TYPE_SRC="NUMBER" TYPE_DEST="INT"></COLONNE>
	<COLONNE NOM="S17_CODE_ANOMALIE" TYPE_SRC="NUMBER" TYPE_DEST="INT"></COLONNE>
	<COLONNE NOM="S18_ZONE_RESERVEE" TYPE_SRC="VARCHAR2" TYPE_DEST="STRING"></COLONNE>
	<COLONNE NOM="OPE_INITIALE" TYPE_SRC="VARCHAR2" TYPE_DEST="STRING"></COLONNE>
	<COLONNE NOM="ZONE_OPE_CONNEXE" TYPE_SRC="VARCHAR2" TYPE_DEST="STRING"></COLONNE>
	<COLONNE NOM="B1_SOUS_CODE_OPE" TYPE_SRC="VARCHAR2" TYPE_DEST="STRING"></COLONNE>
	<COLONNE NOM="B2_REF_OPE" TYPE_SRC="VARCHAR2" TYPE_DEST="STRING"></COLONNE>
	<COLONNE NOM="B3_REF_PRESENTATEUR" TYPE_SRC="VARCHAR2" TYPE_DEST="STRING"></COLONNE>
	<COLONNE NOM="B_VIRMT_COORD_DO" TYPE_SRC="VARCHAR2" TYPE_DEST="STRING"></COLONNE>
	<COLONNE NOM="B_VIRMT_COORD_CLIENT_DEST" TYPE_SRC="VARCHAR2" TYPE_DEST="STRING"></COLONNE>
	<COLONNE NOM="B_VIRMT_NOM_CLIENT_DO" TYPE_SRC="VARCHAR2" TYPE_DEST="STRING"></COLONNE>
	<COLONNE NOM="B_VIRMT_COMPLEMENT_NORMALISE" TYPE_SRC="VARCHAR2" TYPE_DEST="STRING"></COLONNE>
	<COLONNE NOM="B_VIRMT_ZONE_RESERVEE_VIRMT_1" TYPE_SRC="VARCHAR2" TYPE_DEST="STRING"></COLONNE>
	<COLONNE NOM="B_VIRMT_NOM_CLIENT_DEST" TYPE_SRC="VARCHAR2" TYPE_DEST="STRING"></COLONNE>
	<COLONNE NOM="B_VIRMT_LIB_ABRE_DOMICIL" TYPE_SRC="VARCHAR2" TYPE_DEST="STRING"></COLONNE>
	<COLONNE NOM="B_VIRMT_CONSIGNES_RETARD" TYPE_SRC="CHAR" TYPE_DEST="STRING"></COLONNE>
	<COLONNE NOM="B_VRMT_IND_BALANCE_PAIEMENT" TYPE_SRC="CHAR" TYPE_DEST="STRING"></COLONNE>
	<COLONNE NOM="B_VIRMT_ZONE_RESERVEE_VIRMT_2" TYPE_SRC="VARCHAR2" TYPE_DEST="STRING"></COLONNE>
	<COLONNE NOM="B_VIRMT_LIB1_DEST" TYPE_SRC="VARCHAR2" TYPE_DEST="STRING"></COLONNE>
	<COLONNE NOM="B_VIRMT_LIB2_DEST" TYPE_SRC="VARCHAR2" TYPE_DEST="STRING"></COLONNE>
	<COLONNE NOM="B_PRVLT_COORD_CLIENT_DO" TYPE_SRC="VARCHAR2" TYPE_DEST="STRING"></COLONNE>
	<COLONNE NOM="B_PRVLT_COORD_CLIENT_DEST" TYPE_SRC="VARCHAR2" TYPE_DEST="STRING"></COLONNE>
	<COLONNE NOM="B_PRVLT_NOM_CLIENT_DO" TYPE_SRC="VARCHAR2" TYPE_DEST="STRING"></COLONNE>
	<COLONNE NOM="B_PRVLT_NNE" TYPE_SRC="VARCHAR2" TYPE_DEST="STRING"></COLONNE>
	<COLONNE NOM="B_PRVLT_ZONE_RESERVEE_1" TYPE_SRC="VARCHAR2" TYPE_DEST="STRING"></COLONNE>
	<COLONNE NOM="B_PRVLT_NOM_CLIENT_DEST" TYPE_SRC="VARCHAR2" TYPE_DEST="STRING"></COLONNE>
	<COLONNE NOM="B_PRVLT_LIB_ABRE_DOMICIL" TYPE_SRC="VARCHAR2" TYPE_DEST="STRING"></COLONNE>
	<COLONNE NOM="B_PRVLT_IND_BALANCE_PAIEMENT" TYPE_SRC="VARCHAR2" TYPE_DEST="STRING"></COLONNE>
	<COLONNE NOM="B_PRVLT_ZONE_RESERVEE_2" TYPE_SRC="VARCHAR2" TYPE_DEST="STRING"></COLONNE>
	<COLONNE NOM="B_PRVLT_LIB1_DEST" TYPE_SRC="VARCHAR2" TYPE_DEST="STRING"></COLONNE>
	<COLONNE NOM="B_PRVLT_LIB2_DEST" TYPE_SRC="VARCHAR2" TYPE_DEST="STRING"></COLONNE>
	<COLONNE NOM="B_LCR_COORD_CLIENT_CEDANT" TYPE_SRC="VARCHAR2" TYPE_DEST="STRING"></COLONNE>
	<COLONNE NOM="B_LCR_COORD_CLIENT_TIRE" TYPE_SRC="VARCHAR2" TYPE_DEST="STRING"></COLONNE>
	<COLONNE NOM="B_LCR_NOM_TIREUR" TYPE_SRC="VARCHAR2" TYPE_DEST="STRING"></COLONNE>
	<COLONNE NOM="B_LCR_DATE_ECHEANCE" TYPE_SRC="NUMBER" TYPE_DEST="INT"></COLONNE>
	<COLONNE NOM="B_LCR_DATE_CREATION" TYPE_SRC="NUMBER" TYPE_DEST="INT"></COLONNE>
	<COLONNE NOM="B_LCR_DATE_ENTREE_PTF" TYPE_SRC="NUMBER" TYPE_DEST="INT"></COLONNE>
	<COLONNE NOM="B_LCR_ZONE_RESERVEE_1" TYPE_SRC="VARCHAR2" TYPE_DEST="STRING"></COLONNE>
	<COLONNE NOM="B_LCR_NOM_TIRE" TYPE_SRC="VARCHAR2" TYPE_DEST="STRING"></COLONNE>
	<COLONNE NOM="B_LCR_ACCEPTATION" TYPE_SRC="CHAR" TYPE_DEST="STRING"></COLONNE>
	<COLONNE NOM="B_LCR_CODE_ENTREE" TYPE_SRC="CHAR" TYPE_DEST="STRING"></COLONNE>
	<COLONNE NOM="B_LCR_REF_TIREUR" TYPE_SRC="VARCHAR2" TYPE_DEST="STRING"></COLONNE>
	<COLONNE NOM="B_LCR_REF_TIRE" TYPE_SRC="VARCHAR2" TYPE_DEST="STRING"></COLONNE>
	<COLONNE NOM="B_LCR_NUM_SIREN_TIREUR" TYPE_SRC="VARCHAR2" TYPE_DEST="STRING"></COLONNE>
	<COLONNE NOM="B_LCR_ZONE_RESERVEE_2" TYPE_SRC="VARCHAR2" TYPE_DEST="STRING"></COLONNE>
	<COLONNE NOM="B_LCR_LIB_DOMICIL" TYPE_SRC="VARCHAR2" TYPE_DEST="STRING"></COLONNE>
	<COLONNE NOM="B_LCR_ZONE_RESERVEE_3" TYPE_SRC="VARCHAR2" TYPE_DEST="STRING"></COLONNE>
	<COLONNE NOM="B_LCR_IND_BALANCE_PAIMENTS" TYPE_SRC="CHAR" TYPE_DEST="STRING"></COLONNE>
	<COLONNE NOM="B_LCR_ZONE_RESERVEE_4" TYPE_SRC="VARCHAR2" TYPE_DEST="STRING"></COLONNE>
	<COLONNE NOM="B_TIP_COORD_CLIENT_DO" TYPE_SRC="VARCHAR2" TYPE_DEST="STRING"></COLONNE>
	<COLONNE NOM="B_TIP_COORD_CLIENT_DEST" TYPE_SRC="VARCHAR2" TYPE_DEST="STRING"></COLONNE>
	<COLONNE NOM="B_TIP_NOM_CLIENT_DO" TYPE_SRC="VARCHAR2" TYPE_DEST="STRING"></COLONNE>
	<COLONNE NOM="B_TIP_NNE" TYPE_SRC="VARCHAR2" TYPE_DEST="STRING"></COLONNE>
	<COLONNE NOM="B_TIP_NUM_IDENTIFICATION_CETIP" TYPE_SRC="VARCHAR2" TYPE_DEST="STRING"></COLONNE>
	<COLONNE NOM="B_TIP_ZONE_RESERVEE_1" TYPE_SRC="VARCHAR2" TYPE_DEST="STRING"></COLONNE>
	<COLONNE NOM="B_TIP_NOM_CLIENT_DEST" TYPE_SRC="VARCHAR2" TYPE_DEST="STRING"></COLONNE>
	<COLONNE NOM="B_TIP_LIB_ABRE_DOMICIL" TYPE_SRC="VARCHAR2" TYPE_DEST="STRING"></COLONNE>
	<COLONNE NOM="B_TIP_IND_BALANCE_PAIEMENT" TYPE_SRC="CHAR" TYPE_DEST="STRING"></COLONNE>
	<COLONNE NOM="B_TIP_ZONE_RESERVEE_2" TYPE_SRC="VARCHAR2" TYPE_DEST="STRING"></COLONNE>
	<COLONNE NOM="B_TIP_LIB1_CLIENT_DEST" TYPE_SRC="VARCHAR2" TYPE_DEST="STRING"></COLONNE>
	<COLONNE NOM="B_TIP_LIB2_CLIENT_DEST" TYPE_SRC="VARCHAR2" TYPE_DEST="STRING"></COLONNE>
	<COLONNE NOM="B_IC_REF_OPE" TYPE_SRC="VARCHAR2" TYPE_DEST="STRING"></COLONNE>
	<COLONNE NOM="B_IC_ZONE_BANQUIER_REMETTANT" TYPE_SRC="VARCHAR2" TYPE_DEST="STRING"></COLONNE>
	<COLONNE NOM="B_IC_NUM_CHEQUE_CMC7_4" TYPE_SRC="VARCHAR2" TYPE_DEST="STRING"></COLONNE>
	<COLONNE NOM="B_IC_ZONE_INTERBANCAIRE_CMC7_3" TYPE_SRC="VARCHAR2" TYPE_DEST="STRING"></COLONNE>
	<COLONNE NOM="B_IC_ZONE_INTERIEURE_CMC7_2" TYPE_SRC="VARCHAR2" TYPE_DEST="STRING"></COLONNE>
	<COLONNE NOM="B_IC_IND_BALANCE_PAIEMENT" TYPE_SRC="CHAR" TYPE_DEST="STRING"></COLONNE>
	<COLONNE NOM="B_IC_ZONE_USAGE_ETBLMT" TYPE_SRC="VARCHAR2" TYPE_DEST="STRING"></COLONNE>
	<COLONNE NOM="B_IC_INDICE_CIRCULATION" TYPE_SRC="CHAR" TYPE_DEST="STRING"></COLONNE>
	<COLONNE NOM="B_IC_ZONE_RESERVEE_IC" TYPE_SRC="VARCHAR2" TYPE_DEST="STRING"></COLONNE>
	<COLONNE NOM="B_RJT_CODE_MOTIF" TYPE_SRC="VARCHAR2" TYPE_DEST="STRING"></COLONNE>
	<COLONNE NOM="B_RJT_REF_OPE" TYPE_SRC="VARCHAR2" TYPE_DEST="STRING"></COLONNE>
	<COLONNE NOM="B_RJT_REF_PRESENTATEUR" TYPE_SRC="VARCHAR2" TYPE_DEST="STRING"></COLONNE>
	<COLONNE NOM="B_RJT_ZONE_RESERVEE" TYPE_SRC="VARCHAR2" TYPE_DEST="STRING"></COLONNE>
	<COLONNE NOM="B_RJT_560_820_821_REF_OPE" TYPE_SRC="VARCHAR2" TYPE_DEST="STRING"></COLONNE>
	<COLONNE NOM="B_RJT_560_INDICE_DELAI" TYPE_SRC="CHAR" TYPE_DEST="STRING"></COLONNE>
	<COLONNE NOM="B_RJT_560_IND_RESTIT_PHYSQUE" TYPE_SRC="CHAR" TYPE_DEST="STRING"></COLONNE>
	<COLONNE NOM="B_RJT_560_INDIC_CERTIF_NON_PMT" TYPE_SRC="CHAR" TYPE_DEST="STRING"></COLONNE>
	<COLONNE NOM="B_RJT_560_NATURE_INTERDICTION" TYPE_SRC="CHAR" TYPE_DEST="STRING"></COLONNE>
 </TABLE>
<TABLE NOM="FAIT_SEPA_OPERATION" EVAL="OUI" NBR_MAPPER="1" CLE="CODE_OPE" MODE_ALIM="DELTA" CHAMP_SRC="to_date(NUM_FICH,'YYYYMMDD')" TYPE="MANUEL" REQUETE=" SELECT &#x0022;M.SYS_NC00301\$&#x0022;,&#x0022;M.M_ORGNL_PTY_PADR_DPT&#x0022;,&#x0022;M.M_ORGNL_PTY_PADR_SBDPT&#x0022;,&#x0022;M.M_ORGNL_PTY_PADR_STNM&#x0022;,&#x0022;M.M_ORGNL_PTY_PADR_BDNM&#x0022;,&#x0022;M.M_ORGNL_PTY_PADR_PSCD&#x0022;,&#x0022;M.M_ORGNL_PTY_PADR_TWNM&#x0022;,&#x0022;M.M_ORGNL_PTY_PADR_CTSD&#x0022;,&#x0022;M.M_ORGNL_PTY_PADR_CTRY&#x0022;,&#x0022;M.M_ORGNL_PTY_PADR_ADLI1&#x0022;,&#x0022;M.M_ORGNL_PTY_PADR_ADLI2&#x0022;,&#x0022;M.M_ORGNL_PTY_PADR_ADLI3&#x0022;,&#x0022;M.M_ORGNL_PTY_PADR_ADLI4&#x0022;,&#x0022;M.M_ORGNL_PTY_PADR_ADLI5&#x0022;,&#x0022;M.M_ORGNL_PTY_PADR_ADLI6&#x0022;,&#x0022;M.M_ORGNL_PTY_PADR_ADLI7&#x0022;,&#x0022;M.M_ORGNL_PTY_ID_OI_BIC&#x0022;,&#x0022;M.M_ORGNL_PTY_ID_OI_ID&#x0022;,&#x0022;M.M_ORGNL_PTY_ID_OI_O_SN_CD&#x0022;,&#x0022;M.M_ORGNL_PTY_ID_OI_SN_PTY&#x0022;,&#x0022;M.M_ORGNL_PTY_ID_OI_O_ISSR&#x0022;,&#x0022;M.M_ORGNL_PTY_ID_PR_BI_DAT&#x0022;,&#x0022;M.M_ORGNL_PTY_ID_PR_BI_PRV&#x0022;,&#x0022;M.M_ORGNL_PTY_ID_PR_BI_CTY&#x0022;,&#x0022;M.M_ORGNL_PTY_ID_PR_BI_CRY&#x0022;,&#x0022;M.M_ORGNL_PTY_ID_PR_O_ID&#x0022;,&#x0022;M.M_ORGNL_PTY_ID_PR_O_SN_CD&#x0022;,&#x0022;M.M_ORGNL_PTY_ID_PR_O_SN_PTY&#x0022;,&#x0022;M.M_ORGNL_PTY_ID_PR_O_ISSR&#x0022;,&#x0022;M.M_ORGNL_PTY_CTRR&#x0022;,&#x0022;M.M_ORGNL_CTCT_DT_NMPR&#x0022;,&#x0022;M.M_ORGNL_CTCT_DT_NM&#x0022;,&#x0022;M.M_ORGNL_CTCT_DT_PHNM&#x0022;,&#x0022;M.M_ORGNL_CTCT_DT_MBNM&#x0022;,&#x0022;M.M_ORGNL_CTCT_DT_FXNM&#x0022;,&#x0022;M.M_ORGNL_CTCT_DT_EMADR&#x0022;,&#x0022;M.M_ORGNL_CTCT_DT_OTHER&#x0022;,&#x0022;M.M_ORGNL_ACCNT_IBAN&#x0022;,&#x0022;M.M_ORGNL_ACCNT_O_ID&#x0022;,&#x0022;M.M_ORGNL_AGT_FI_BIC&#x0022;,&#x0022;M.M_UPDID_PTY_NAME&#x0022;,&#x0022;M.M_UPDID_PTY_PADR_TYP&#x0022;,&#x0022;M.M_UPDID_PTY_PADR_DPT&#x0022;,&#x0022;M.M_UPDID_PTY_PADR_SBDPT&#x0022;,&#x0022;M.M_UPDID_PTY_PADR_STNM&#x0022;,&#x0022;M.M_UPDID_PTY_PADR_BDNM&#x0022;,&#x0022;M.M_UPDID_PTY_PADR_PSCD&#x0022;,&#x0022;M.M_UPDID_PTY_PADR_TWNM&#x0022;,&#x0022;M.M_UPDID_PTY_PADR_CTSD&#x0022;,&#x0022;M.M_UPDID_PTY_PADR_CTR&#x0022;,&#x0022;M.M_UPDID_PTY_PADR_ADLI1&#x0022;,&#x0022;M.M_UPDID_PTY_PADR_ADLI2&#x0022;,&#x0022;M.M_UPDID_PTY_PADR_ADLI3&#x0022;,&#x0022;M.M_UPDID_PTY_PADR_ADLI4&#x0022;,&#x0022;M.M_UPDID_PTY_PADR_ADLI5&#x0022;,&#x0022;M.M_UPDID_PTY_PADR_ADLI6&#x0022;,&#x0022;M.M_UPDID_PTY_PADR_ADLI7&#x0022;,&#x0022;M.M_UPDID_PTY_ID_BIC&#x0022;,&#x0022;M.M_UPDID_ID_O_ID&#x0022;,&#x0022;M.M_UPDID_PTY_ID_O_SN_CD&#x0022;,&#x0022;M.M_UPDID_PTY_ID_O_SD_PTY&#x0022;,&#x0022;M.M_UPDID_PTY_ID_O_ISSR&#x0022;,&#x0022;M.M_UPDID_PTY_ID_PR_BI_DAT&#x0022;,&#x0022;M.M_UPDID_PTY_ID_PR_BI_PRV&#x0022;,&#x0022;M.M_UPDID_PTY_ID_PR_BI_CTY&#x0022;,&#x0022;M.M_UPDID_PTY_ID_PR_BI_CRY&#x0022;,&#x0022;M.M_UPDID_PTY_ID_PR_O_ID&#x0022;,&#x0022;M.M_UPDID_PTY_ID_PR_O_SN_CD&#x0022;,&#x0022;M.M_UPDID_PTY_ID_PR_O_SN_PTY&#x0022;,&#x0022;M.M_UPDID_PTY_ID_PR_O_ISSR&#x0022;,&#x0022;M.M_UPDID_PTY_CTRR&#x0022;,&#x0022;M.M_UPDID_CTCT_DT_NMPR&#x0022;,&#x0022;M.M_UPDID_CTCT_DT_NM&#x0022;,&#x0022;M.M_UPDID_CTCT_DT_PHNM&#x0022;,&#x0022;M.M_UPDID_CTCT_DT_MBNM&#x0022;,&#x0022;M.M_UPDID_CTCT_DT_FXNM&#x0022;,&#x0022;M.M_UPDID_CTCT_DT_EMADR&#x0022;,&#x0022;M.M_UPDID_CTCT_DT_OTHER&#x0022;,&#x0022;M.M_UPDID_ACCT_IBAN&#x0022;,&#x0022;M.M_UPDID_ACCT_O_ID&#x0022;,&#x0022;M.M_UPDID_AGT_FI_BIC&#x0022;,&#x0022;M.M_ADD_INF&#x0022;,&#x0022;M.M_ID&#x0022;,&#x0022;M.REF_OPE_ORIGINE&#x0022;,&#x0022;M.DEBRAYAGE_CTRL_EMBARGO&#x0022;,&#x0022;M.FLAG_EVOLMPM&#x0022;,&#x0022;M.DATE_COMPTABLE_EVOLMPM&#x0022;,&#x0022;M.XTIMTS&#x0022;,&#x0022;M.DBT_ID_PRV_OTHR_ISSR&#x0022;,&#x0022;M.DBTACC_ID_IBAN&#x0022;,&#x0022;M.DBTAGT_FI_BIC&#x0022;,&#x0022;M.CDTACC_ID_IBAN&#x0022;,&#x0022;M.CDTAGT_FI_BIC&#x0022;,&#x0022;M.CDT_NAME&#x0022;,&#x0022;M.CDT_PADR_CTRY&#x0022;,&#x0022;M.CDT_PADR_ADRLINE&#x0022;,&#x0022;M.CDT_ID_ORG_BIC_BEI&#x0022;,&#x0022;M.CDT_ID_ORG_OTHR_ID&#x0022;,&#x0022;M.CDT_ID_ORG_OTHR_SCH_CD&#x0022;,&#x0022;M.CDT_ID_ORG_OTHR_SCH_PRTRY&#x0022;,&#x0022;M.CDT_ID_ORG_OTHR_ISSR&#x0022;,&#x0022;M.CDT_ID_PR_DPBI_DAT&#x0022;,&#x0022;M.CDT_ID_PR_DPBI_PRV&#x0022;,&#x0022;M.CDT_ID_PR_DPBI_CTY&#x0022;,&#x0022;M.CDT_ID_PR_DPBI_CRY&#x0022;,&#x0022;M.CDT_ID_PRV_OTHR_ID&#x0022;,&#x0022;M.CDT_ID_PRV_OTHR_SCH_CD&#x0022;,&#x0022;M.CDT_ID_PRV_OTHR_SCH_PRTR&#x0022;,&#x0022;M.CDT_ID_PRV_OTHR_ISSR&#x0022;,&#x0022;M.UDBT_NAME&#x0022;,&#x0022;M.UDBT_ID_ORG_BIC_BEI&#x0022;,&#x0022;M.UDBT_ID_ORG_OTHR_ID&#x0022;,&#x0022;M.UDBT_ID_ORG_OTHR_SCH_CD&#x0022;,&#x0022;M.UDBT_ID_ORG_OTHR_SCH_PRTR&#x0022;,&#x0022;M.UDBT_ID_ORG_OTHR_SCH_ISSR&#x0022;,&#x0022;M.UDBT_ID_PR_DPBI_DAT&#x0022;,&#x0022;M.UDBT_ID_PR_DPBI_PRV&#x0022;,&#x0022;M.UDBT_ID_PR_DPBI_CTY&#x0022;,&#x0022;M.UDBT_ID_PR_DPBI_CRY&#x0022;,&#x0022;M.UDBT_ID_PRV_OTHR_ID&#x0022;,&#x0022;M.UDBT_ID_PRV_OTHR_SCH_CD&#x0022;,&#x0022;M.UDBT_ID_PRV_OTHR_SCH_PRTR&#x0022;,&#x0022;M.UDBT_ID_PRV_OTHR_ISSR&#x0022;,&#x0022;M.INSGAGT_FI_BIC&#x0022;,&#x0022;M.INSDAGT_FI_BIC&#x0022;,&#x0022;M.PUR_CD&#x0022;,&#x0022;M.RMTINF_USTRD&#x0022;,&#x0022;M.RMTINF_STRD_TYPE_CODE&#x0022;,&#x0022;M.RMTINF_STRD_TYPE_REF&#x0022;,&#x0022;M.SUP_CHEMIN&#x0022;,&#x0022;M.ORGNLINSTRID&#x0022;,&#x0022;M.ORGGRPINF_ORGNLMSGID&#x0022;,&#x0022;M.ORGGRPINF_ORGNLMSGNMID&#x0022;,&#x0022;M.ORGNLENDTOENDID&#x0022;,&#x0022;M.ORGNLTXID&#x0022;,&#x0022;M.TXSTS&#x0022;,&#x0022;M.ORGNLINTRBKSTTLMAMT&#x0022;,&#x0022;M.ORGNLINTRBKSTTLMAMTC&#x0022;,&#x0022;M.OTR_INTRBKSTTLMDT&#x0022;,&#x0022;M.COMPSTNAMT&#x0022;,&#x0022;M.COMPSTNAMTC&#x0022;,&#x0022;M.INSTDAMT&#x0022;,&#x0022;M.INSTDAMTC&#x0022;,&#x0022;M.RI_RORG_NAME&#x0022;,&#x0022;M.RI_RORG_PADR_ADRLINE&#x0022;,&#x0022;M.RI_RORG_PADR_CTRY&#x0022;,&#x0022;M.RI_RORG_ID_ORG_BIC_BEI&#x0022;,&#x0022;M.RI_RORG_ID_ORG_OTHR_ID&#x0022;,&#x0022;M.RI_RORG_ID_ORG_OTHR_SCH_CD&#x0022;,&#x0022;M.RI_RORG_ID_ORG_OTHR_SCH_PRTR&#x0022;,&#x0022;M.RI_RORG_ID_ORG_OTHR_ISSR&#x0022;,&#x0022;M.RI_RORG_ID_PRV_DPBI_DAT&#x0022;,&#x0022;M.RI_RORG_ID_PRV_DPBI_PRV&#x0022;,&#x0022;M.RI_RORG_ID_PRV_DPBI_CTY&#x0022;,&#x0022;M.RI_RORG_ID_PRV_DPBI_CRY&#x0022;,&#x0022;M.RI_RORG_ID_PRV_OTHR_ID&#x0022;,&#x0022;M.RI_RORG_ID_PRV_OTHR_SCH_CD&#x0022;,&#x0022;M.RI_RORG_ID_PRV_OTHR_SCH_PRTR&#x0022;,&#x0022;M.RI_RORG_ID_PRV_OTHR_ISSR&#x0022;,&#x0022;M.RI_RSN_CD&#x0022;,&#x0022;M.RI_SN_PRTRY&#x0022;,&#x0022;M.RI_ADDTLINF1&#x0022;,&#x0022;M.RI_ADDTLINF2&#x0022;,&#x0022;M.OTR_REQDCOLLTNDT&#x0022;,&#x0022;M.OTR_CSCH_ID_PRV_OTHR_ID&#x0022;,&#x0022;M.OTR_CSCH_ID_PRV_OTHR_SCH_CD&#x0022;,&#x0022;M.OTR_CSCH_ID_PRV_OTHR_SCH_PRTR&#x0022;,&#x0022;M.OTR_CSCH_ID_PRV_OTHR_ISSR&#x0022;,&#x0022;M.OTR_STTI_STTLMMTD&#x0022;,&#x0022;M.OTR_STTI_STTAID_IBAN&#x0022;,&#x0022;M.OTR_STTI_STTAID_O_ID&#x0022;,&#x0022;M.OTR_STTI_STTAID_O_SN_CD&#x0022;,&#x0022;M.OTR_STTI_STTAID_O_SN_PRTR&#x0022;,&#x0022;M.OTR_STTI_STTAID_O_ISSR&#x0022;,&#x0022;M.OTR_STTI_CLRS_CD&#x0022;,&#x0022;M.OTR_STTI_CLRS_PRTRY&#x0022;,&#x0022;M.DELAI_RGLMT&#x0022;,&#x0022;M.DATE_INSERT&#x0022; as DATE_INSERT_INGRE, &#x0022;M.CODE_FORMAT_PACS&#x0022;, &#x0022;M.BIC_ID_DO&#x0022;,&#x0022;M.BIC_ID_DEST&#x0022;,&#x0022;M.PMTTPI_CTGYPURP_PR&#x0022;,&#x0022;M.RMTINF_STRD_TYPE_IS&#x0022;,&#x0022;M.OT_INSTRID&#x0022;,&#x0022;M.OT_ENDTOENDID&#x0022;,&#x0022;M.OT_TXID&#x0022;,&#x0022;M.OT_CRLSYSREF&#x0022;,&#x0022;M.OT_FIRST_AGT_FI_BIC&#x0022;,&#x0022;M.M_ORGNL_PTY_NAME&#x0022;,&#x0022;M.M_ORGNL_PTY_PADR_TYP&#x0022;,&#x0022;M.IBAN_DEBTOR&#x0022;,&#x0022;M.IBAN_CREDITOR&#x0022;,&#x0022;M.INOPR&#x0022;,&#x0022;M.M_A_ODAC_V9_FI_BIC&#x0022;,&#x0022;M.M_A_ODAC_V9_ID_OTHR_ID&#x0022;,&#x0022;M.ID_OPE&#x0022;,&#x0022;M.CODE_FAM_OPE&#x0022;,&#x0022;M.ID_TYPE_OPE&#x0022;,&#x0022;M.ID_SYSTEME_ECHANGE&#x0022;,&#x0022;M.CODE_SRV_APPLICATIF&#x0022;,&#x0022;M.CODE_GRP_REMETTANT&#x0022;,&#x0022;M.ID_REMISE&#x0022;,&#x0022;M.ID_COMPTE_EMETTEUR&#x0022;,&#x0022;M.ID_CLIENT_EMETTEUR&#x0022;,&#x0022;M.CODE_PAYS_DEBTOR&#x0022;,&#x0022;M.ID_COMPTE_DEST&#x0022;,&#x0022;M.ID_CLIENT_DEST&#x0022;,&#x0022;M.CODE_PAYS_CREDITOR&#x0022;,&#x0022;M.ID_COMMIS_BDF_ENASIT&#x0022;,&#x0022;M.ID_COMMIS_BDF&#x0022;,&#x0022;M.ID_COMMIS_INTER_BQ&#x0022;,&#x0022;M.ID_ICS&#x0022;,&#x0022;M.ID_MOTIF_REJET&#x0022;,&#x0022;M.CLE_IBAN_DO&#x0022;,&#x0022;M.CIB_DO&#x0022;,&#x0022;M.CLE_RIB_DO&#x0022;,&#x0022;M.CLE_IBAN_DEST&#x0022;,&#x0022;M.CIB_DEST&#x0022;,&#x0022;M.CLE_RIB_DEST&#x0022;,&#x0022;M.TYPE_FICHIER&#x0022;,&#x0022;M.SENS_ECHANGE&#x0022;,&#x0022;M.CODE_OPE&#x0022;,&#x0022;M.NUM_FICH&#x0022;,&#x0022;M.NUM_REMISE&#x0022;,&#x0022;M.NUM_REMISE_TECH&#x0022;,&#x0022;M.DATE_PEC_AMONT&#x0022;,&#x0022;M.HEURE_PEC_AMONT&#x0022;,&#x0022;M.DATE_PRES_REMISE&#x0022;,&#x0022;M.HEURE_PRES_REMISE&#x0022;,&#x0022;M.RIO&#x0022;,&#x0022;M.DATE_ECHANGE&#x0022;,&#x0022;M.DATE_REGLMT&#x0022;,&#x0022;M.DATE_TRAITMT_AVAL&#x0022;,&#x0022;M.CODE_CLC_DO&#x0022;,&#x0022;M.IBAN_DO&#x0022;,&#x0022;M.NUM_CPTE_DO&#x0022;,&#x0022;M.CODE_GUICHET_DO&#x0022;,&#x0022;M.CODE_CLC_DEST&#x0022;,&#x0022;M.IBAN_DEST&#x0022;,&#x0022;M.NUM_CPTE_DEST&#x0022;,&#x0022;M.CODE_GUICHET_DEST&#x0022;,&#x0022;M.MOTIF_REJET_ANNULATION&#x0022;,&#x0022;M.LIB_GROUPE_REMETTANT&#x0022;,&#x0022;M.TYPE_ETABLT&#x0022;,&#x0022;M.SENS_COMPTABLE_OPE&#x0022;,&#x0022;M.LONGUEUR_OPE&#x0022;,&#x0022;M.NUM_ICS&#x0022;,&#x0022;M.ETBLT_CONCERNE&#x0022;,&#x0022;M.REF_CDC&#x0022;,&#x0022;M.PMTID_INSTRID&#x0022;,&#x0022;M.PMTID_ENDTOENDID&#x0022;,&#x0022;M.PMTID_TXID&#x0022;,&#x0022;M.PMTTPI_SVCLVL_CD&#x0022;,&#x0022;M.PMTTPI_LCLINS_CD&#x0022;,&#x0022;M.PMTTPILCLINS_PRTRY&#x0022;,&#x0022;M.PMTTPI_SEQTP&#x0022;,&#x0022;M.PMTTPI_CTGYPURP&#x0022;,&#x0022;M.INTRBKSTTLMAMT&#x0022;,&#x0022;M.INTRBKSTTLMAMTC&#x0022;,&#x0022;M.CHRGBR&#x0022;,&#x0022;M.CHRGINF_AMT&#x0022;,&#x0022;M.CHRGINF_AMTC&#x0022;,&#x0022;M.CHRGINF_PTY_FI_BIC&#x0022;,&#x0022;M.REQDCOLLTNDT&#x0022;,&#x0022;M.M_MNDTID&#x0022;,&#x0022;M.M_DTOFSGNTR&#x0022;,&#x0022;M.M_AMDMNTIND&#x0022;,&#x0022;M.M_A_ORGNLMNDTID&#x0022;,&#x0022;M.M_A_S_NM&#x0022;,&#x0022;M.M_A_S_ID_PROID&#x0022;,&#x0022;M.M_A_S_ID_PRO_SCH_CD&#x0022;,&#x0022;M.M_A_S_ID_PRO_SCH_PRTRY&#x0022;,&#x0022;M.M_A_S_ID_PRO_ISSR&#x0022;,&#x0022;M.M_A_ODAC_ID_IBAN&#x0022;,&#x0022;M.M_A_ODAG_FI_OTHR_ID&#x0022;,&#x0022;M.M_ELCTRNCSGNT&#x0022;,&#x0022;M.CSCH_IDPROI&#x0022;,&#x0022;M.CSCH_IDPROI_CD&#x0022;,&#x0022;M.CSCH_IDPROI_PRTRY&#x0022;,&#x0022;M.CSCH_IDPROI_ISSR&#x0022;,&#x0022;M.UCDT_NAME&#x0022;,&#x0022;M.UCDT_ID_ORG_BIC_BEI&#x0022;,&#x0022;M.UCDT_ID_ORG_OTHR_ID&#x0022;,&#x0022;M.UCDT_ID_ORG_OTHR_SCH_CD&#x0022;,&#x0022;M.UCDT_ID_ORG_OTHR_SCH_PRTRY&#x0022;,&#x0022;M.UCDT_ID_ORG_OTHR_ISSR&#x0022;,&#x0022;M.UCDT_ID_PR_DPBI_DA&#x0022;,&#x0022;M.UCDT_ID_PR_DPBI_PRV&#x0022;,&#x0022;M.UCDT_ID_PR_DPBI_CT&#x0022;,&#x0022;M.UCDT_ID_PR_DPBI_CR&#x0022;,&#x0022;M.UCDT_ID_PRV_OTHR_ID&#x0022;,&#x0022;M.UCDT_ID_PRV_OTHR_SCH_CD&#x0022;,&#x0022;M.UCDT_ID_PRV_OTHR_SCH_PRTR&#x0022;,&#x0022;M.UCDT_ID_PRV_OTHR_ISSR&#x0022;,&#x0022;M.DBT_NAME&#x0022;,&#x0022;M.DBT_PADR_CTRY&#x0022;,&#x0022;M.DBT_PADR_ADRLINE&#x0022;,&#x0022;M.DBT_ID_ORG_BIC_BEI&#x0022;,&#x0022;M.DBT_ID_ORG_OTHR_ID&#x0022;,&#x0022;M.DBT_ID_ORG_OTHR_SCH_CD&#x0022;,&#x0022;M.DBT_ID_ORG_OTHR_SCH_PRTRY&#x0022;,&#x0022;M.DBT_ID_ORG_OTHR_ISSR&#x0022;,&#x0022;M.DBT_ID_PR_DPBI_DAT&#x0022;,&#x0022;M.DBT_ID_PR_DPBI_PRV&#x0022;,&#x0022;M.DBT_ID_PR_DPBI_CTY&#x0022;,&#x0022;M.DBT_ID_PR_DPBI_CR&#x0022;,&#x0022;M.DBT_ID_PRV_OTHR_ID&#x0022;,&#x0022;M.DBT_ID_PRV_OTHR_SCH_CD&#x0022;,&#x0022;M.DBT_ID_PRV_OTHR_SCH_PRTR&#x0022;,&#x0022;M.SYS_NC00300\$&#x0022;,$COL_DATE_OPE, '${DATE_INSERT}' as DATE_INSERT, '${ID_TRAITEMENT}' as ID_TRAITEMENT 
from  FAIT_SEPA_OPERATION M INNER JOIN 
							(select distinct DATE_RGLMT
								from SUIVI_MAEVA_RECAP
								WHERE DATE_RECEPT &gt;=to_date('$TIMESTAMP_MIN', 'YYYY-MM-DD HH24:MI:SS') AND DATE_RECEPT &lt;to_date('$TIMESTAMP_MAX', 'YYYY-MM-DD HH24:MI:SS')
							    AND TYPE_FICHIER='OS') S 
								ON
								(M.DATE_REGLMT=S.DATE_RGLMT)
						WHERE to_date(M.NUM_FICH,'YYYYMMDD')&gt;=to_date('$TIMESTAMP_MIN', 'YYYY-MM-DD HH24:MI:SS') AND to_date(M.NUM_FICH,'YYYYMMDD')&lt;to_date('$TIMESTAMP_MAX', 'YYYY-MM-DD HH24:MI:SS')">
	<COLONNE NOM="SYS_NC00301\$" TYPE_SRC="VARCHAR2" TYPE_DEST="STRING"></COLONNE>
	<COLONNE NOM="M_ORGNL_PTY_PADR_DPT" TYPE_SRC="VARCHAR2" TYPE_DEST="STRING"></COLONNE>
	<COLONNE NOM="M_ORGNL_PTY_PADR_SBDPT" TYPE_SRC="VARCHAR2" TYPE_DEST="STRING"></COLONNE>
	<COLONNE NOM="M_ORGNL_PTY_PADR_STNM" TYPE_SRC="VARCHAR2" TYPE_DEST="STRING"></COLONNE>
	<COLONNE NOM="M_ORGNL_PTY_PADR_BDNM" TYPE_SRC="VARCHAR2" TYPE_DEST="STRING"></COLONNE>
	<COLONNE NOM="M_ORGNL_PTY_PADR_PSCD" TYPE_SRC="VARCHAR2" TYPE_DEST="STRING"></COLONNE>
	<COLONNE NOM="M_ORGNL_PTY_PADR_TWNM" TYPE_SRC="VARCHAR2" TYPE_DEST="STRING"></COLONNE>
	<COLONNE NOM="M_ORGNL_PTY_PADR_CTSD" TYPE_SRC="VARCHAR2" TYPE_DEST="STRING"></COLONNE>
	<COLONNE NOM="M_ORGNL_PTY_PADR_CTRY" TYPE_SRC="VARCHAR2" TYPE_DEST="STRING"></COLONNE>
	<COLONNE NOM="M_ORGNL_PTY_PADR_ADLI1" TYPE_SRC="VARCHAR2" TYPE_DEST="STRING"></COLONNE>
	<COLONNE NOM="M_ORGNL_PTY_PADR_ADLI2" TYPE_SRC="VARCHAR2" TYPE_DEST="STRING"></COLONNE>
	<COLONNE NOM="M_ORGNL_PTY_PADR_ADLI3" TYPE_SRC="VARCHAR2" TYPE_DEST="STRING"></COLONNE>
	<COLONNE NOM="M_ORGNL_PTY_PADR_ADLI4" TYPE_SRC="VARCHAR2" TYPE_DEST="STRING"></COLONNE>
	<COLONNE NOM="M_ORGNL_PTY_PADR_ADLI5" TYPE_SRC="VARCHAR2" TYPE_DEST="STRING"></COLONNE>
	<COLONNE NOM="M_ORGNL_PTY_PADR_ADLI6" TYPE_SRC="VARCHAR2" TYPE_DEST="STRING"></COLONNE>
	<COLONNE NOM="M_ORGNL_PTY_PADR_ADLI7" TYPE_SRC="VARCHAR2" TYPE_DEST="STRING"></COLONNE>
	<COLONNE NOM="M_ORGNL_PTY_ID_OI_BIC" TYPE_SRC="VARCHAR2" TYPE_DEST="STRING"></COLONNE>
	<COLONNE NOM="M_ORGNL_PTY_ID_OI_ID" TYPE_SRC="VARCHAR2" TYPE_DEST="STRING"></COLONNE>
	<COLONNE NOM="M_ORGNL_PTY_ID_OI_O_SN_CD" TYPE_SRC="VARCHAR2" TYPE_DEST="STRING"></COLONNE>
	<COLONNE NOM="M_ORGNL_PTY_ID_OI_SN_PTY" TYPE_SRC="VARCHAR2" TYPE_DEST="STRING"></COLONNE>
	<COLONNE NOM="M_ORGNL_PTY_ID_OI_O_ISSR" TYPE_SRC="VARCHAR2" TYPE_DEST="STRING"></COLONNE>
	<COLONNE NOM="M_ORGNL_PTY_ID_PR_BI_DAT" TYPE_SRC="VARCHAR2" TYPE_DEST="STRING"></COLONNE>
	<COLONNE NOM="M_ORGNL_PTY_ID_PR_BI_PRV" TYPE_SRC="VARCHAR2" TYPE_DEST="STRING"></COLONNE>
	<COLONNE NOM="M_ORGNL_PTY_ID_PR_BI_CTY" TYPE_SRC="VARCHAR2" TYPE_DEST="STRING"></COLONNE>
	<COLONNE NOM="M_ORGNL_PTY_ID_PR_BI_CRY" TYPE_SRC="VARCHAR2" TYPE_DEST="STRING"></COLONNE>
	<COLONNE NOM="M_ORGNL_PTY_ID_PR_O_ID" TYPE_SRC="VARCHAR2" TYPE_DEST="STRING"></COLONNE>
	<COLONNE NOM="M_ORGNL_PTY_ID_PR_O_SN_CD" TYPE_SRC="VARCHAR2" TYPE_DEST="STRING"></COLONNE>
	<COLONNE NOM="M_ORGNL_PTY_ID_PR_O_SN_PTY" TYPE_SRC="VARCHAR2" TYPE_DEST="STRING"></COLONNE>
	<COLONNE NOM="M_ORGNL_PTY_ID_PR_O_ISSR" TYPE_SRC="VARCHAR2" TYPE_DEST="STRING"></COLONNE>
	<COLONNE NOM="M_ORGNL_PTY_CTRR" TYPE_SRC="VARCHAR2" TYPE_DEST="STRING"></COLONNE>
	<COLONNE NOM="M_ORGNL_CTCT_DT_NMPR" TYPE_SRC="VARCHAR2" TYPE_DEST="STRING"></COLONNE>
	<COLONNE NOM="M_ORGNL_CTCT_DT_NM" TYPE_SRC="VARCHAR2" TYPE_DEST="STRING"></COLONNE>
	<COLONNE NOM="M_ORGNL_CTCT_DT_PHNM" TYPE_SRC="VARCHAR2" TYPE_DEST="STRING"></COLONNE>
	<COLONNE NOM="M_ORGNL_CTCT_DT_MBNM" TYPE_SRC="VARCHAR2" TYPE_DEST="STRING"></COLONNE>
	<COLONNE NOM="M_ORGNL_CTCT_DT_FXNM" TYPE_SRC="VARCHAR2" TYPE_DEST="STRING"></COLONNE>
	<COLONNE NOM="M_ORGNL_CTCT_DT_EMADR" TYPE_SRC="VARCHAR2" TYPE_DEST="STRING"></COLONNE>
	<COLONNE NOM="M_ORGNL_CTCT_DT_OTHER" TYPE_SRC="VARCHAR2" TYPE_DEST="STRING"></COLONNE>
	<COLONNE NOM="M_ORGNL_ACCNT_IBAN" TYPE_SRC="VARCHAR2" TYPE_DEST="STRING"></COLONNE>
	<COLONNE NOM="M_ORGNL_ACCNT_O_ID" TYPE_SRC="VARCHAR2" TYPE_DEST="STRING"></COLONNE>
	<COLONNE NOM="M_ORGNL_AGT_FI_BIC" TYPE_SRC="VARCHAR2" TYPE_DEST="STRING"></COLONNE>
	<COLONNE NOM="M_UPDID_PTY_NAME" TYPE_SRC="VARCHAR2" TYPE_DEST="STRING"></COLONNE>
	<COLONNE NOM="M_UPDID_PTY_PADR_TYP" TYPE_SRC="VARCHAR2" TYPE_DEST="STRING"></COLONNE>
	<COLONNE NOM="M_UPDID_PTY_PADR_DPT" TYPE_SRC="VARCHAR2" TYPE_DEST="STRING"></COLONNE>
	<COLONNE NOM="M_UPDID_PTY_PADR_SBDPT" TYPE_SRC="VARCHAR2" TYPE_DEST="STRING"></COLONNE>
	<COLONNE NOM="M_UPDID_PTY_PADR_STNM" TYPE_SRC="VARCHAR2" TYPE_DEST="STRING"></COLONNE>
	<COLONNE NOM="M_UPDID_PTY_PADR_BDNM" TYPE_SRC="VARCHAR2" TYPE_DEST="STRING"></COLONNE>
	<COLONNE NOM="M_UPDID_PTY_PADR_PSCD" TYPE_SRC="VARCHAR2" TYPE_DEST="STRING"></COLONNE>
	<COLONNE NOM="M_UPDID_PTY_PADR_TWNM" TYPE_SRC="VARCHAR2" TYPE_DEST="STRING"></COLONNE>
	<COLONNE NOM="M_UPDID_PTY_PADR_CTSD" TYPE_SRC="VARCHAR2" TYPE_DEST="STRING"></COLONNE>
	<COLONNE NOM="M_UPDID_PTY_PADR_CTR" TYPE_SRC="VARCHAR2" TYPE_DEST="STRING"></COLONNE>
	<COLONNE NOM="M_UPDID_PTY_PADR_ADLI1" TYPE_SRC="VARCHAR2" TYPE_DEST="STRING"></COLONNE>
	<COLONNE NOM="M_UPDID_PTY_PADR_ADLI2" TYPE_SRC="VARCHAR2" TYPE_DEST="STRING"></COLONNE>
	<COLONNE NOM="M_UPDID_PTY_PADR_ADLI3" TYPE_SRC="VARCHAR2" TYPE_DEST="STRING"></COLONNE>
	<COLONNE NOM="M_UPDID_PTY_PADR_ADLI4" TYPE_SRC="VARCHAR2" TYPE_DEST="STRING"></COLONNE>
	<COLONNE NOM="M_UPDID_PTY_PADR_ADLI5" TYPE_SRC="VARCHAR2" TYPE_DEST="STRING"></COLONNE>
	<COLONNE NOM="M_UPDID_PTY_PADR_ADLI6" TYPE_SRC="VARCHAR2" TYPE_DEST="STRING"></COLONNE>
	<COLONNE NOM="M_UPDID_PTY_PADR_ADLI7" TYPE_SRC="VARCHAR2" TYPE_DEST="STRING"></COLONNE>
	<COLONNE NOM="M_UPDID_PTY_ID_BIC" TYPE_SRC="VARCHAR2" TYPE_DEST="STRING"></COLONNE>
	<COLONNE NOM="M_UPDID_ID_O_ID" TYPE_SRC="VARCHAR2" TYPE_DEST="STRING"></COLONNE>
	<COLONNE NOM="M_UPDID_PTY_ID_O_SN_CD" TYPE_SRC="VARCHAR2" TYPE_DEST="STRING"></COLONNE>
	<COLONNE NOM="M_UPDID_PTY_ID_O_SD_PTY" TYPE_SRC="VARCHAR2" TYPE_DEST="STRING"></COLONNE>
	<COLONNE NOM="M_UPDID_PTY_ID_O_ISSR" TYPE_SRC="VARCHAR2" TYPE_DEST="STRING"></COLONNE>
	<COLONNE NOM="M_UPDID_PTY_ID_PR_BI_DAT" TYPE_SRC="VARCHAR2" TYPE_DEST="STRING"></COLONNE>
	<COLONNE NOM="M_UPDID_PTY_ID_PR_BI_PRV" TYPE_SRC="VARCHAR2" TYPE_DEST="STRING"></COLONNE>
	<COLONNE NOM="M_UPDID_PTY_ID_PR_BI_CTY" TYPE_SRC="VARCHAR2" TYPE_DEST="STRING"></COLONNE>
	<COLONNE NOM="M_UPDID_PTY_ID_PR_BI_CRY" TYPE_SRC="VARCHAR2" TYPE_DEST="STRING"></COLONNE>
	<COLONNE NOM="M_UPDID_PTY_ID_PR_O_ID" TYPE_SRC="VARCHAR2" TYPE_DEST="STRING"></COLONNE>
	<COLONNE NOM="M_UPDID_PTY_ID_PR_O_SN_CD" TYPE_SRC="VARCHAR2" TYPE_DEST="STRING"></COLONNE>
	<COLONNE NOM="M_UPDID_PTY_ID_PR_O_SN_PTY" TYPE_SRC="VARCHAR2" TYPE_DEST="STRING"></COLONNE>
	<COLONNE NOM="M_UPDID_PTY_ID_PR_O_ISSR" TYPE_SRC="VARCHAR2" TYPE_DEST="STRING"></COLONNE>
	<COLONNE NOM="M_UPDID_PTY_CTRR" TYPE_SRC="VARCHAR2" TYPE_DEST="STRING"></COLONNE>
	<COLONNE NOM="M_UPDID_CTCT_DT_NMPR" TYPE_SRC="VARCHAR2" TYPE_DEST="STRING"></COLONNE>
	<COLONNE NOM="M_UPDID_CTCT_DT_NM" TYPE_SRC="VARCHAR2" TYPE_DEST="STRING"></COLONNE>
	<COLONNE NOM="M_UPDID_CTCT_DT_PHNM" TYPE_SRC="VARCHAR2" TYPE_DEST="STRING"></COLONNE>
	<COLONNE NOM="M_UPDID_CTCT_DT_MBNM" TYPE_SRC="VARCHAR2" TYPE_DEST="STRING"></COLONNE>
	<COLONNE NOM="M_UPDID_CTCT_DT_FXNM" TYPE_SRC="VARCHAR2" TYPE_DEST="STRING"></COLONNE>
	<COLONNE NOM="M_UPDID_CTCT_DT_EMADR" TYPE_SRC="VARCHAR2" TYPE_DEST="STRING"></COLONNE>
	<COLONNE NOM="M_UPDID_CTCT_DT_OTHER" TYPE_SRC="VARCHAR2" TYPE_DEST="STRING"></COLONNE>
	<COLONNE NOM="M_UPDID_ACCT_IBAN" TYPE_SRC="VARCHAR2" TYPE_DEST="STRING"></COLONNE>
	<COLONNE NOM="M_UPDID_ACCT_O_ID" TYPE_SRC="VARCHAR2" TYPE_DEST="STRING"></COLONNE>
	<COLONNE NOM="M_UPDID_AGT_FI_BIC" TYPE_SRC="VARCHAR2" TYPE_DEST="STRING"></COLONNE>
	<COLONNE NOM="M_ADD_INF" TYPE_SRC="VARCHAR2" TYPE_DEST="STRING"></COLONNE>
	<COLONNE NOM="M_ID" TYPE_SRC="VARCHAR2" TYPE_DEST="STRING"></COLONNE>
	<COLONNE NOM="REF_OPE_ORIGINE" TYPE_SRC="VARCHAR2" TYPE_DEST="STRING"></COLONNE>
	<COLONNE NOM="DEBRAYAGE_CTRL_EMBARGO" TYPE_SRC="VARCHAR2" TYPE_DEST="STRING"></COLONNE>
	<COLONNE NOM="FLAG_EVOLMPM" TYPE_SRC="VARCHAR2" TYPE_DEST="STRING"></COLONNE>
	<COLONNE NOM="DATE_COMPTABLE_EVOLMPM" TYPE_SRC="DATE" TYPE_DEST="DATE"></COLONNE>
	<COLONNE NOM="XTIMTS" TYPE_SRC="TIMESTAMP(6)" TYPE_DEST="TIMESTAMP"></COLONNE>
	<COLONNE NOM="DBT_ID_PRV_OTHR_ISSR" TYPE_SRC="VARCHAR2" TYPE_DEST="STRING"></COLONNE>
	<COLONNE NOM="DBTACC_ID_IBAN" TYPE_SRC="VARCHAR2" TYPE_DEST="STRING"></COLONNE>
	<COLONNE NOM="DBTAGT_FI_BIC" TYPE_SRC="VARCHAR2" TYPE_DEST="STRING"></COLONNE>
	<COLONNE NOM="CDTACC_ID_IBAN" TYPE_SRC="VARCHAR2" TYPE_DEST="STRING"></COLONNE>
	<COLONNE NOM="CDTAGT_FI_BIC" TYPE_SRC="VARCHAR2" TYPE_DEST="STRING"></COLONNE>
	<COLONNE NOM="CDT_NAME" TYPE_SRC="VARCHAR2" TYPE_DEST="STRING"></COLONNE>
	<COLONNE NOM="CDT_PADR_CTRY" TYPE_SRC="VARCHAR2" TYPE_DEST="STRING"></COLONNE>
	<COLONNE NOM="CDT_PADR_ADRLINE" TYPE_SRC="VARCHAR2" TYPE_DEST="STRING"></COLONNE>
	<COLONNE NOM="CDT_ID_ORG_BIC_BEI" TYPE_SRC="VARCHAR2" TYPE_DEST="STRING"></COLONNE>
	<COLONNE NOM="CDT_ID_ORG_OTHR_ID" TYPE_SRC="VARCHAR2" TYPE_DEST="STRING"></COLONNE>
	<COLONNE NOM="CDT_ID_ORG_OTHR_SCH_CD" TYPE_SRC="VARCHAR2" TYPE_DEST="STRING"></COLONNE>
	<COLONNE NOM="CDT_ID_ORG_OTHR_SCH_PRTRY" TYPE_SRC="VARCHAR2" TYPE_DEST="STRING"></COLONNE>
	<COLONNE NOM="CDT_ID_ORG_OTHR_ISSR" TYPE_SRC="VARCHAR2" TYPE_DEST="STRING"></COLONNE>
	<COLONNE NOM="CDT_ID_PR_DPBI_DAT" TYPE_SRC="DATE" TYPE_DEST="DATE"></COLONNE>
	<COLONNE NOM="CDT_ID_PR_DPBI_PRV" TYPE_SRC="VARCHAR2" TYPE_DEST="STRING"></COLONNE>
	<COLONNE NOM="CDT_ID_PR_DPBI_CTY" TYPE_SRC="VARCHAR2" TYPE_DEST="STRING"></COLONNE>
	<COLONNE NOM="CDT_ID_PR_DPBI_CRY" TYPE_SRC="VARCHAR2" TYPE_DEST="STRING"></COLONNE>
	<COLONNE NOM="CDT_ID_PRV_OTHR_ID" TYPE_SRC="VARCHAR2" TYPE_DEST="STRING"></COLONNE>
	<COLONNE NOM="CDT_ID_PRV_OTHR_SCH_CD" TYPE_SRC="VARCHAR2" TYPE_DEST="STRING"></COLONNE>
	<COLONNE NOM="CDT_ID_PRV_OTHR_SCH_PRTR" TYPE_SRC="VARCHAR2" TYPE_DEST="STRING"></COLONNE>
	<COLONNE NOM="CDT_ID_PRV_OTHR_ISSR" TYPE_SRC="VARCHAR2" TYPE_DEST="STRING"></COLONNE>
	<COLONNE NOM="UDBT_NAME" TYPE_SRC="VARCHAR2" TYPE_DEST="STRING"></COLONNE>
	<COLONNE NOM="UDBT_ID_ORG_BIC_BEI" TYPE_SRC="VARCHAR2" TYPE_DEST="STRING"></COLONNE>
	<COLONNE NOM="UDBT_ID_ORG_OTHR_ID" TYPE_SRC="VARCHAR2" TYPE_DEST="STRING"></COLONNE>
	<COLONNE NOM="UDBT_ID_ORG_OTHR_SCH_CD" TYPE_SRC="VARCHAR2" TYPE_DEST="STRING"></COLONNE>
	<COLONNE NOM="UDBT_ID_ORG_OTHR_SCH_PRTR" TYPE_SRC="VARCHAR2" TYPE_DEST="STRING"></COLONNE>
	<COLONNE NOM="UDBT_ID_ORG_OTHR_SCH_ISSR" TYPE_SRC="VARCHAR2" TYPE_DEST="STRING"></COLONNE>
	<COLONNE NOM="UDBT_ID_PR_DPBI_DAT" TYPE_SRC="DATE" TYPE_DEST="DATE"></COLONNE>
	<COLONNE NOM="UDBT_ID_PR_DPBI_PRV" TYPE_SRC="VARCHAR2" TYPE_DEST="STRING"></COLONNE>
	<COLONNE NOM="UDBT_ID_PR_DPBI_CTY" TYPE_SRC="VARCHAR2" TYPE_DEST="STRING"></COLONNE>
	<COLONNE NOM="UDBT_ID_PR_DPBI_CRY" TYPE_SRC="VARCHAR2" TYPE_DEST="STRING"></COLONNE>
	<COLONNE NOM="UDBT_ID_PRV_OTHR_ID" TYPE_SRC="VARCHAR2" TYPE_DEST="STRING"></COLONNE>
	<COLONNE NOM="UDBT_ID_PRV_OTHR_SCH_CD" TYPE_SRC="VARCHAR2" TYPE_DEST="STRING"></COLONNE>
	<COLONNE NOM="UDBT_ID_PRV_OTHR_SCH_PRTR" TYPE_SRC="VARCHAR2" TYPE_DEST="STRING"></COLONNE>
	<COLONNE NOM="UDBT_ID_PRV_OTHR_ISSR" TYPE_SRC="VARCHAR2" TYPE_DEST="STRING"></COLONNE>
	<COLONNE NOM="INSGAGT_FI_BIC" TYPE_SRC="VARCHAR2" TYPE_DEST="STRING"></COLONNE>
	<COLONNE NOM="INSDAGT_FI_BIC" TYPE_SRC="VARCHAR2" TYPE_DEST="STRING"></COLONNE>
	<COLONNE NOM="PUR_CD" TYPE_SRC="VARCHAR2" TYPE_DEST="STRING"></COLONNE>
	<COLONNE NOM="RMTINF_USTRD" TYPE_SRC="VARCHAR2" TYPE_DEST="STRING"></COLONNE>
	<COLONNE NOM="RMTINF_STRD_TYPE_CODE" TYPE_SRC="VARCHAR2" TYPE_DEST="STRING"></COLONNE>
	<COLONNE NOM="RMTINF_STRD_TYPE_REF" TYPE_SRC="VARCHAR2" TYPE_DEST="STRING"></COLONNE>
	<COLONNE NOM="SUP_CHEMIN" TYPE_SRC="VARCHAR2" TYPE_DEST="STRING"></COLONNE>
	<COLONNE NOM="ORGNLINSTRID" TYPE_SRC="VARCHAR2" TYPE_DEST="STRING"></COLONNE>
	<COLONNE NOM="ORGGRPINF_ORGNLMSGID" TYPE_SRC="VARCHAR2" TYPE_DEST="STRING"></COLONNE>
	<COLONNE NOM="ORGGRPINF_ORGNLMSGNMID" TYPE_SRC="VARCHAR2" TYPE_DEST="STRING"></COLONNE>
	<COLONNE NOM="ORGNLENDTOENDID" TYPE_SRC="VARCHAR2" TYPE_DEST="STRING"></COLONNE>
	<COLONNE NOM="ORGNLTXID" TYPE_SRC="VARCHAR2" TYPE_DEST="STRING"></COLONNE>
	<COLONNE NOM="TXSTS" TYPE_SRC="VARCHAR2" TYPE_DEST="STRING"></COLONNE>
	<COLONNE NOM="ORGNLINTRBKSTTLMAMT" TYPE_SRC="NUMBER" TYPE_DEST="DECIMAL(17,2)"></COLONNE>
	<COLONNE NOM="ORGNLINTRBKSTTLMAMTC" TYPE_SRC="VARCHAR2" TYPE_DEST="STRING"></COLONNE>
	<COLONNE NOM="OTR_INTRBKSTTLMDT" TYPE_SRC="DATE" TYPE_DEST="DATE"></COLONNE>
	<COLONNE NOM="COMPSTNAMT" TYPE_SRC="NUMBER" TYPE_DEST="DECIMAL(17,2)"></COLONNE>
	<COLONNE NOM="COMPSTNAMTC" TYPE_SRC="VARCHAR2" TYPE_DEST="STRING"></COLONNE>
	<COLONNE NOM="INSTDAMT" TYPE_SRC="NUMBER" TYPE_DEST="DECIMAL(17,2)"></COLONNE>
	<COLONNE NOM="INSTDAMTC" TYPE_SRC="VARCHAR2" TYPE_DEST="STRING"></COLONNE>
	<COLONNE NOM="RI_RORG_NAME" TYPE_SRC="VARCHAR2" TYPE_DEST="STRING"></COLONNE>
	<COLONNE NOM="RI_RORG_PADR_ADRLINE" TYPE_SRC="VARCHAR2" TYPE_DEST="STRING"></COLONNE>
	<COLONNE NOM="RI_RORG_PADR_CTRY" TYPE_SRC="VARCHAR2" TYPE_DEST="STRING"></COLONNE>
	<COLONNE NOM="RI_RORG_ID_ORG_BIC_BEI" TYPE_SRC="VARCHAR2" TYPE_DEST="STRING"></COLONNE>
	<COLONNE NOM="RI_RORG_ID_ORG_OTHR_ID" TYPE_SRC="VARCHAR2" TYPE_DEST="STRING"></COLONNE>
	<COLONNE NOM="RI_RORG_ID_ORG_OTHR_SCH_CD" TYPE_SRC="VARCHAR2" TYPE_DEST="STRING"></COLONNE>
	<COLONNE NOM="RI_RORG_ID_ORG_OTHR_SCH_PRTR" TYPE_SRC="VARCHAR2" TYPE_DEST="STRING"></COLONNE>
	<COLONNE NOM="RI_RORG_ID_ORG_OTHR_ISSR" TYPE_SRC="VARCHAR2" TYPE_DEST="STRING"></COLONNE>
	<COLONNE NOM="RI_RORG_ID_PRV_DPBI_DAT" TYPE_SRC="DATE" TYPE_DEST="DATE"></COLONNE>
	<COLONNE NOM="RI_RORG_ID_PRV_DPBI_PRV" TYPE_SRC="VARCHAR2" TYPE_DEST="STRING"></COLONNE>
	<COLONNE NOM="RI_RORG_ID_PRV_DPBI_CTY" TYPE_SRC="VARCHAR2" TYPE_DEST="STRING"></COLONNE>
	<COLONNE NOM="RI_RORG_ID_PRV_DPBI_CRY" TYPE_SRC="VARCHAR2" TYPE_DEST="STRING"></COLONNE>
	<COLONNE NOM="RI_RORG_ID_PRV_OTHR_ID" TYPE_SRC="VARCHAR2" TYPE_DEST="STRING"></COLONNE>
	<COLONNE NOM="RI_RORG_ID_PRV_OTHR_SCH_CD" TYPE_SRC="VARCHAR2" TYPE_DEST="STRING"></COLONNE>
	<COLONNE NOM="RI_RORG_ID_PRV_OTHR_SCH_PRTR" TYPE_SRC="VARCHAR2" TYPE_DEST="STRING"></COLONNE>
	<COLONNE NOM="RI_RORG_ID_PRV_OTHR_ISSR" TYPE_SRC="VARCHAR2" TYPE_DEST="STRING"></COLONNE>
	<COLONNE NOM="RI_RSN_CD" TYPE_SRC="VARCHAR2" TYPE_DEST="STRING"></COLONNE>
	<COLONNE NOM="RI_SN_PRTRY" TYPE_SRC="VARCHAR2" TYPE_DEST="STRING"></COLONNE>
	<COLONNE NOM="RI_ADDTLINF1" TYPE_SRC="VARCHAR2" TYPE_DEST="STRING"></COLONNE>
	<COLONNE NOM="RI_ADDTLINF2" TYPE_SRC="VARCHAR2" TYPE_DEST="STRING"></COLONNE>
	<COLONNE NOM="OTR_REQDCOLLTNDT" TYPE_SRC="VARCHAR2" TYPE_DEST="STRING"></COLONNE>
	<COLONNE NOM="OTR_CSCH_ID_PRV_OTHR_ID" TYPE_SRC="VARCHAR2" TYPE_DEST="STRING"></COLONNE>
	<COLONNE NOM="OTR_CSCH_ID_PRV_OTHR_SCH_CD" TYPE_SRC="VARCHAR2" TYPE_DEST="STRING"></COLONNE>
	<COLONNE NOM="OTR_CSCH_ID_PRV_OTHR_SCH_PRTR" TYPE_SRC="VARCHAR2" TYPE_DEST="STRING"></COLONNE>
	<COLONNE NOM="OTR_CSCH_ID_PRV_OTHR_ISSR" TYPE_SRC="VARCHAR2" TYPE_DEST="STRING"></COLONNE>
	<COLONNE NOM="OTR_STTI_STTLMMTD" TYPE_SRC="VARCHAR2" TYPE_DEST="STRING"></COLONNE>
	<COLONNE NOM="OTR_STTI_STTAID_IBAN" TYPE_SRC="VARCHAR2" TYPE_DEST="STRING"></COLONNE>
	<COLONNE NOM="OTR_STTI_STTAID_O_ID" TYPE_SRC="VARCHAR2" TYPE_DEST="STRING"></COLONNE>
	<COLONNE NOM="OTR_STTI_STTAID_O_SN_CD" TYPE_SRC="VARCHAR2" TYPE_DEST="STRING"></COLONNE>
	<COLONNE NOM="OTR_STTI_STTAID_O_SN_PRTR" TYPE_SRC="VARCHAR2" TYPE_DEST="STRING"></COLONNE>
	<COLONNE NOM="OTR_STTI_STTAID_O_ISSR" TYPE_SRC="VARCHAR2" TYPE_DEST="STRING"></COLONNE>
	<COLONNE NOM="OTR_STTI_CLRS_CD" TYPE_SRC="VARCHAR2" TYPE_DEST="STRING"></COLONNE>
	<COLONNE NOM="OTR_STTI_CLRS_PRTRY" TYPE_SRC="VARCHAR2" TYPE_DEST="STRING"></COLONNE>
	<COLONNE NOM="DELAI_RGLMT" TYPE_SRC="NUMBER" TYPE_DEST="INT"></COLONNE>
	<COLONNE NOM="DATE_INSERT_INGRE"  TYPE_SRC="NUMBER" TYPE_DEST="BIGINT"></COLONNE>
	<COLONNE NOM="CODE_FORMAT_PACS" TYPE_SRC="VARCHAR2" TYPE_DEST="STRING"></COLONNE>
	<COLONNE NOM="BIC_ID_DO" TYPE_SRC="VARCHAR2" TYPE_DEST="STRING"></COLONNE>
	<COLONNE NOM="BIC_ID_DEST" TYPE_SRC="VARCHAR2" TYPE_DEST="STRING"></COLONNE>
	<COLONNE NOM="PMTTPI_CTGYPURP_PR" TYPE_SRC="VARCHAR2" TYPE_DEST="STRING"></COLONNE>
	<COLONNE NOM="RMTINF_STRD_TYPE_IS" TYPE_SRC="VARCHAR2" TYPE_DEST="STRING"></COLONNE>
	<COLONNE NOM="OT_INSTRID" TYPE_SRC="VARCHAR2" TYPE_DEST="STRING"></COLONNE>
	<COLONNE NOM="OT_ENDTOENDID" TYPE_SRC="VARCHAR2" TYPE_DEST="STRING"></COLONNE>
	<COLONNE NOM="OT_TXID" TYPE_SRC="VARCHAR2" TYPE_DEST="STRING"></COLONNE>
	<COLONNE NOM="OT_CRLSYSREF" TYPE_SRC="VARCHAR2" TYPE_DEST="STRING"></COLONNE>
	<COLONNE NOM="OT_FIRST_AGT_FI_BIC" TYPE_SRC="VARCHAR2" TYPE_DEST="STRING"></COLONNE>
	<COLONNE NOM="M_ORGNL_PTY_NAME" TYPE_SRC="VARCHAR2" TYPE_DEST="STRING"></COLONNE>
	<COLONNE NOM="M_ORGNL_PTY_PADR_TYP" TYPE_SRC="VARCHAR2" TYPE_DEST="STRING"></COLONNE>
	<COLONNE NOM="IBAN_DEBTOR" TYPE_SRC="VARCHAR2" TYPE_DEST="STRING"></COLONNE>
	<COLONNE NOM="IBAN_CREDITOR" TYPE_SRC="VARCHAR2" TYPE_DEST="STRING"></COLONNE>
	<COLONNE NOM="INOPR" TYPE_SRC="VARCHAR2" TYPE_DEST="STRING"></COLONNE>
	<COLONNE NOM="M_A_ODAC_V9_FI_BIC" TYPE_SRC="VARCHAR2" TYPE_DEST="STRING"></COLONNE>
	<COLONNE NOM="M_A_ODAC_V9_ID_OTHR_ID" TYPE_SRC="VARCHAR2" TYPE_DEST="STRING"></COLONNE>
	<COLONNE NOM="ID_OPE" TYPE_SRC="VARCHAR2" TYPE_DEST="STRING"></COLONNE>
	<COLONNE NOM="CODE_FAM_OPE" TYPE_SRC="VARCHAR2" TYPE_DEST="STRING"></COLONNE>
	<COLONNE NOM="ID_TYPE_OPE" TYPE_SRC="NUMBER" TYPE_DEST="DECIMAL(38,0)"></COLONNE>
	<COLONNE NOM="ID_SYSTEME_ECHANGE" TYPE_SRC="VARCHAR2" TYPE_DEST="STRING"></COLONNE>
	<COLONNE NOM="CODE_SRV_APPLICATIF" TYPE_SRC="VARCHAR2" TYPE_DEST="STRING"></COLONNE>
	<COLONNE NOM="CODE_GRP_REMETTANT" TYPE_SRC="VARCHAR2" TYPE_DEST="STRING"></COLONNE>
	<COLONNE NOM="ID_REMISE" TYPE_SRC="NUMBER" TYPE_DEST="DECIMAL(38,0)"></COLONNE>
	<COLONNE NOM="ID_COMPTE_EMETTEUR" TYPE_SRC="NUMBER" TYPE_DEST="DECIMAL(38,0)"></COLONNE>
	<COLONNE NOM="ID_CLIENT_EMETTEUR" TYPE_SRC="NUMBER" TYPE_DEST="DECIMAL(38,0)"></COLONNE>
	<COLONNE NOM="CODE_PAYS_DEBTOR" TYPE_SRC="VARCHAR2" TYPE_DEST="STRING"></COLONNE>
	<COLONNE NOM="ID_COMPTE_DEST" TYPE_SRC="NUMBER" TYPE_DEST="DECIMAL(38,0)"></COLONNE>
	<COLONNE NOM="ID_CLIENT_DEST" TYPE_SRC="NUMBER" TYPE_DEST="DECIMAL(38,0)"></COLONNE>
	<COLONNE NOM="CODE_PAYS_CREDITOR" TYPE_SRC="VARCHAR2" TYPE_DEST="STRING"></COLONNE>
	<COLONNE NOM="ID_COMMIS_BDF_ENASIT" TYPE_SRC="NUMBER" TYPE_DEST="DECIMAL(38,0)"></COLONNE>
	<COLONNE NOM="ID_COMMIS_BDF" TYPE_SRC="NUMBER" TYPE_DEST="DECIMAL(38,0)"></COLONNE>
	<COLONNE NOM="ID_COMMIS_INTER_BQ" TYPE_SRC="NUMBER" TYPE_DEST="DECIMAL(38,0)"></COLONNE>
	<COLONNE NOM="ID_ICS" TYPE_SRC="NUMBER" TYPE_DEST="DECIMAL(38,0)"></COLONNE>
	<COLONNE NOM="ID_MOTIF_REJET" TYPE_SRC="NUMBER" TYPE_DEST="DECIMAL(38,0)"></COLONNE>
	<COLONNE NOM="CLE_IBAN_DO" TYPE_SRC="VARCHAR2" TYPE_DEST="STRING"></COLONNE>
	<COLONNE NOM="CIB_DO" TYPE_SRC="VARCHAR2" TYPE_DEST="STRING"></COLONNE>
	<COLONNE NOM="CLE_RIB_DO" TYPE_SRC="VARCHAR2" TYPE_DEST="STRING"></COLONNE>
	<COLONNE NOM="CLE_IBAN_DEST" TYPE_SRC="VARCHAR2" TYPE_DEST="STRING"></COLONNE>
	<COLONNE NOM="CIB_DEST" TYPE_SRC="VARCHAR2" TYPE_DEST="STRING"></COLONNE>
	<COLONNE NOM="CLE_RIB_DEST" TYPE_SRC="VARCHAR2" TYPE_DEST="STRING"></COLONNE>
	<COLONNE NOM="TYPE_FICHIER" TYPE_SRC="VARCHAR2" TYPE_DEST="STRING"></COLONNE>
	<COLONNE NOM="SENS_ECHANGE" TYPE_SRC="VARCHAR2" TYPE_DEST="STRING"></COLONNE>
	<COLONNE NOM="CODE_OPE" TYPE_SRC="VARCHAR2" TYPE_DEST="STRING"></COLONNE>
	<COLONNE NOM="NUM_FICH" TYPE_SRC="NUMBER" TYPE_DEST="DECIMAL(38,0)"></COLONNE>
	<COLONNE NOM="NUM_REMISE" TYPE_SRC="VARCHAR2" TYPE_DEST="STRING"></COLONNE>
	<COLONNE NOM="NUM_REMISE_TECH" TYPE_SRC="VARCHAR2" TYPE_DEST="STRING"></COLONNE>
	<COLONNE NOM="DATE_PEC_AMONT" TYPE_SRC="DATE" TYPE_DEST="DATE"></COLONNE>
	<COLONNE NOM="HEURE_PEC_AMONT" TYPE_SRC="VARCHAR2" TYPE_DEST="STRING"></COLONNE>
	<COLONNE NOM="DATE_PRES_REMISE" TYPE_SRC="DATE" TYPE_DEST="DATE"></COLONNE>
	<COLONNE NOM="HEURE_PRES_REMISE" TYPE_SRC="VARCHAR2" TYPE_DEST="STRING"></COLONNE>
	<COLONNE NOM="RIO" TYPE_SRC="VARCHAR2" TYPE_DEST="STRING"></COLONNE>
	<COLONNE NOM="DATE_ECHANGE" TYPE_SRC="DATE" TYPE_DEST="DATE"></COLONNE>
	<COLONNE NOM="DATE_REGLMT" TYPE_SRC="DATE" TYPE_DEST="DATE"></COLONNE>
	<COLONNE NOM="DATE_TRAITMT_AVAL" TYPE_SRC="DATE" TYPE_DEST="DATE"></COLONNE>
	<COLONNE NOM="CODE_CLC_DO" TYPE_SRC="VARCHAR2" TYPE_DEST="STRING"></COLONNE>
	<COLONNE NOM="IBAN_DO" TYPE_SRC="VARCHAR2" TYPE_DEST="STRING"></COLONNE>
	<COLONNE NOM="NUM_CPTE_DO" TYPE_SRC="VARCHAR2" TYPE_DEST="STRING"></COLONNE>
	<COLONNE NOM="CODE_GUICHET_DO" TYPE_SRC="VARCHAR2" TYPE_DEST="STRING"></COLONNE>
	<COLONNE NOM="CODE_CLC_DEST" TYPE_SRC="VARCHAR2" TYPE_DEST="STRING"></COLONNE>
	<COLONNE NOM="IBAN_DEST" TYPE_SRC="VARCHAR2" TYPE_DEST="STRING"></COLONNE>
	<COLONNE NOM="NUM_CPTE_DEST" TYPE_SRC="VARCHAR2" TYPE_DEST="STRING"></COLONNE>
	<COLONNE NOM="CODE_GUICHET_DEST" TYPE_SRC="VARCHAR2" TYPE_DEST="STRING"></COLONNE>
	<COLONNE NOM="MOTIF_REJET_ANNULATION" TYPE_SRC="VARCHAR2" TYPE_DEST="STRING"></COLONNE>
	<COLONNE NOM="LIB_GROUPE_REMETTANT" TYPE_SRC="VARCHAR2" TYPE_DEST="STRING"></COLONNE>
	<COLONNE NOM="TYPE_ETABLT" TYPE_SRC="VARCHAR2" TYPE_DEST="STRING"></COLONNE>
	<COLONNE NOM="SENS_COMPTABLE_OPE" TYPE_SRC="VARCHAR2" TYPE_DEST="STRING"></COLONNE>
	<COLONNE NOM="LONGUEUR_OPE" TYPE_SRC="NUMBER" TYPE_DEST="DECIMAL(38,0)"></COLONNE>
	<COLONNE NOM="NUM_ICS" TYPE_SRC="VARCHAR2" TYPE_DEST="STRING"></COLONNE>
	<COLONNE NOM="ETBLT_CONCERNE" TYPE_SRC="VARCHAR2" TYPE_DEST="STRING"></COLONNE>
	<COLONNE NOM="REF_CDC" TYPE_SRC="VARCHAR2" TYPE_DEST="STRING"></COLONNE>
	<COLONNE NOM="PMTID_INSTRID" TYPE_SRC="VARCHAR2" TYPE_DEST="STRING"></COLONNE>
	<COLONNE NOM="PMTID_ENDTOENDID" TYPE_SRC="VARCHAR2" TYPE_DEST="STRING"></COLONNE>
	<COLONNE NOM="PMTID_TXID" TYPE_SRC="VARCHAR2" TYPE_DEST="STRING"></COLONNE>
	<COLONNE NOM="PMTTPI_SVCLVL_CD" TYPE_SRC="VARCHAR2" TYPE_DEST="STRING"></COLONNE>
	<COLONNE NOM="PMTTPI_LCLINS_CD" TYPE_SRC="VARCHAR2" TYPE_DEST="STRING"></COLONNE>
	<COLONNE NOM="PMTTPILCLINS_PRTRY" TYPE_SRC="VARCHAR2" TYPE_DEST="STRING"></COLONNE>
	<COLONNE NOM="PMTTPI_SEQTP" TYPE_SRC="VARCHAR2" TYPE_DEST="STRING"></COLONNE>
	<COLONNE NOM="PMTTPI_CTGYPURP" TYPE_SRC="VARCHAR2" TYPE_DEST="STRING"></COLONNE>
	<COLONNE NOM="INTRBKSTTLMAMT" TYPE_SRC="NUMBER" TYPE_DEST="DECIMAL(17,2)"></COLONNE>
	<COLONNE NOM="INTRBKSTTLMAMTC" TYPE_SRC="VARCHAR2" TYPE_DEST="STRING"></COLONNE>
	<COLONNE NOM="CHRGBR" TYPE_SRC="VARCHAR2" TYPE_DEST="STRING"></COLONNE>
	<COLONNE NOM="CHRGINF_AMT" TYPE_SRC="NUMBER" TYPE_DEST="DECIMAL(17,2)"></COLONNE>
	<COLONNE NOM="CHRGINF_AMTC" TYPE_SRC="VARCHAR2" TYPE_DEST="STRING"></COLONNE>
	<COLONNE NOM="CHRGINF_PTY_FI_BIC" TYPE_SRC="VARCHAR2" TYPE_DEST="STRING"></COLONNE>
	<COLONNE NOM="REQDCOLLTNDT" TYPE_SRC="DATE" TYPE_DEST="DATE"></COLONNE>
	<COLONNE NOM="M_MNDTID" TYPE_SRC="VARCHAR2" TYPE_DEST="STRING"></COLONNE>
	<COLONNE NOM="M_DTOFSGNTR" TYPE_SRC="DATE" TYPE_DEST="DATE"></COLONNE>
	<COLONNE NOM="M_AMDMNTIND" TYPE_SRC="VARCHAR2" TYPE_DEST="STRING"></COLONNE>
	<COLONNE NOM="M_A_ORGNLMNDTID" TYPE_SRC="VARCHAR2" TYPE_DEST="STRING"></COLONNE>
	<COLONNE NOM="M_A_S_NM" TYPE_SRC="VARCHAR2" TYPE_DEST="STRING"></COLONNE>
	<COLONNE NOM="M_A_S_ID_PROID" TYPE_SRC="VARCHAR2" TYPE_DEST="STRING"></COLONNE>
	<COLONNE NOM="M_A_S_ID_PRO_SCH_CD" TYPE_SRC="VARCHAR2" TYPE_DEST="STRING"></COLONNE>
	<COLONNE NOM="M_A_S_ID_PRO_SCH_PRTRY" TYPE_SRC="VARCHAR2" TYPE_DEST="STRING"></COLONNE>
	<COLONNE NOM="M_A_S_ID_PRO_ISSR" TYPE_SRC="VARCHAR2" TYPE_DEST="STRING"></COLONNE>
	<COLONNE NOM="M_A_ODAC_ID_IBAN" TYPE_SRC="VARCHAR2" TYPE_DEST="STRING"></COLONNE>
	<COLONNE NOM="M_A_ODAG_FI_OTHR_ID" TYPE_SRC="VARCHAR2" TYPE_DEST="STRING"></COLONNE>
	<COLONNE NOM="M_ELCTRNCSGNT" TYPE_SRC="VARCHAR2" TYPE_DEST="STRING"></COLONNE>
	<COLONNE NOM="CSCH_IDPROI" TYPE_SRC="VARCHAR2" TYPE_DEST="STRING"></COLONNE>
	<COLONNE NOM="CSCH_IDPROI_CD" TYPE_SRC="VARCHAR2" TYPE_DEST="STRING"></COLONNE>
	<COLONNE NOM="CSCH_IDPROI_PRTRY" TYPE_SRC="VARCHAR2" TYPE_DEST="STRING"></COLONNE>
	<COLONNE NOM="CSCH_IDPROI_ISSR" TYPE_SRC="VARCHAR2" TYPE_DEST="STRING"></COLONNE>
	<COLONNE NOM="UCDT_NAME" TYPE_SRC="VARCHAR2" TYPE_DEST="STRING"></COLONNE>
	<COLONNE NOM="UCDT_ID_ORG_BIC_BEI" TYPE_SRC="VARCHAR2" TYPE_DEST="STRING"></COLONNE>
	<COLONNE NOM="UCDT_ID_ORG_OTHR_ID" TYPE_SRC="VARCHAR2" TYPE_DEST="STRING"></COLONNE>
	<COLONNE NOM="UCDT_ID_ORG_OTHR_SCH_CD" TYPE_SRC="VARCHAR2" TYPE_DEST="STRING"></COLONNE>
	<COLONNE NOM="UCDT_ID_ORG_OTHR_SCH_PRTRY" TYPE_SRC="VARCHAR2" TYPE_DEST="STRING"></COLONNE>
	<COLONNE NOM="UCDT_ID_ORG_OTHR_ISSR" TYPE_SRC="VARCHAR2" TYPE_DEST="STRING"></COLONNE>
	<COLONNE NOM="UCDT_ID_PR_DPBI_DA" TYPE_SRC="DATE" TYPE_DEST="DATE"></COLONNE>
	<COLONNE NOM="UCDT_ID_PR_DPBI_PRV" TYPE_SRC="VARCHAR2" TYPE_DEST="STRING"></COLONNE>
	<COLONNE NOM="UCDT_ID_PR_DPBI_CT" TYPE_SRC="VARCHAR2" TYPE_DEST="STRING"></COLONNE>
	<COLONNE NOM="UCDT_ID_PR_DPBI_CR" TYPE_SRC="VARCHAR2" TYPE_DEST="STRING"></COLONNE>
	<COLONNE NOM="UCDT_ID_PRV_OTHR_ID" TYPE_SRC="VARCHAR2" TYPE_DEST="STRING"></COLONNE>
	<COLONNE NOM="UCDT_ID_PRV_OTHR_SCH_CD" TYPE_SRC="VARCHAR2" TYPE_DEST="STRING"></COLONNE>
	<COLONNE NOM="UCDT_ID_PRV_OTHR_SCH_PRTR" TYPE_SRC="VARCHAR2" TYPE_DEST="STRING"></COLONNE>
	<COLONNE NOM="UCDT_ID_PRV_OTHR_ISSR" TYPE_SRC="VARCHAR2" TYPE_DEST="STRING"></COLONNE>
	<COLONNE NOM="DBT_NAME" TYPE_SRC="VARCHAR2" TYPE_DEST="STRING"></COLONNE>
	<COLONNE NOM="DBT_PADR_CTRY" TYPE_SRC="VARCHAR2" TYPE_DEST="STRING"></COLONNE>
	<COLONNE NOM="DBT_PADR_ADRLINE" TYPE_SRC="VARCHAR2" TYPE_DEST="STRING"></COLONNE>
	<COLONNE NOM="DBT_ID_ORG_BIC_BEI" TYPE_SRC="VARCHAR2" TYPE_DEST="STRING"></COLONNE>
	<COLONNE NOM="DBT_ID_ORG_OTHR_ID" TYPE_SRC="VARCHAR2" TYPE_DEST="STRING"></COLONNE>
	<COLONNE NOM="DBT_ID_ORG_OTHR_SCH_CD" TYPE_SRC="VARCHAR2" TYPE_DEST="STRING"></COLONNE>
	<COLONNE NOM="DBT_ID_ORG_OTHR_SCH_PRTRY" TYPE_SRC="VARCHAR2" TYPE_DEST="STRING"></COLONNE>
	<COLONNE NOM="DBT_ID_ORG_OTHR_ISSR" TYPE_SRC="VARCHAR2" TYPE_DEST="STRING"></COLONNE>
	<COLONNE NOM="DBT_ID_PR_DPBI_DAT" TYPE_SRC="DATE" TYPE_DEST="DATE"></COLONNE>
	<COLONNE NOM="DBT_ID_PR_DPBI_PRV" TYPE_SRC="VARCHAR2" TYPE_DEST="STRING"></COLONNE>
	<COLONNE NOM="DBT_ID_PR_DPBI_CTY" TYPE_SRC="VARCHAR2" TYPE_DEST="STRING"></COLONNE>
	<COLONNE NOM="DBT_ID_PR_DPBI_CR" TYPE_SRC="VARCHAR2" TYPE_DEST="STRING"></COLONNE>
	<COLONNE NOM="DBT_ID_PRV_OTHR_ID" TYPE_SRC="VARCHAR2" TYPE_DEST="STRING"></COLONNE>
	<COLONNE NOM="DBT_ID_PRV_OTHR_SCH_CD" TYPE_SRC="VARCHAR2" TYPE_DEST="STRING"></COLONNE>
	<COLONNE NOM="DBT_ID_PRV_OTHR_SCH_PRTR" TYPE_SRC="VARCHAR2" TYPE_DEST="STRING"></COLONNE>
	<COLONNE NOM="SYS_NC00300\$" TYPE_SRC="VARCHAR2" TYPE_DEST="STRING"></COLONNE>
 </TABLE>
<TABLE NOM="REF_INGRE_FAM_OPERATION" EVAL="OUI" NBR_MAPPER="1" CLE="CODE_FAM_OPE" MODE_ALIM="COMPLET">
	<COLONNE NOM="DATE_INSERT_INGRE" NOM_SRC="DATE_INSERT"  TYPE_SRC="NUMBER" TYPE_DEST="INT"></COLONNE>
	<COLONNE NOM="CODE_FAM_OPE" TYPE_SRC="VARCHAR2" TYPE_DEST="STRING"></COLONNE>
	<COLONNE NOM="LIB_FAM_OPE" TYPE_SRC="VARCHAR2" TYPE_DEST="STRING"></COLONNE>
 </TABLE>
<TABLE NOM="REF_INGRE_GRP_REMETTANT" EVAL="OUI" NBR_MAPPER="1" CLE="CODE_GRP_REMETTANT" MODE_ALIM="COMPLET">
	<COLONNE NOM="LIB_GRP_REMETTANT_COURT" TYPE_SRC="VARCHAR2" TYPE_DEST="STRING"></COLONNE>
	<COLONNE NOM="CODE_GRP_REMETTANT" TYPE_SRC="VARCHAR2" TYPE_DEST="STRING"></COLONNE>
	<COLONNE NOM="LIB_GRP_REMETTANT" TYPE_SRC="VARCHAR2" TYPE_DEST="STRING"></COLONNE>
 </TABLE></SGBD>