1,$REPBDF/embargo/acquisition/shell/acq_sqoop_fmf_profile_state.sh
1,$REPBDF/embargo/acquisition/shell/acq_sqoop_fmf_profiles.sh
1,$REPBDF/embargo/acquisition/shell/acq_sqoop_fmf_profile_right.sh
1,$REPBDF/embargo/acquisition/shell/acq_sqoop_fmf_units.sh
1,$REPBDF/embargo/acquisition/shell/acq_sqoop_fmf_rights.sh
1,$REPBDF/embargo/acquisition/shell/acq_sqoop_fmf_users.sh
2,$REPBDF/embargo/acquisition/shell/acq_sqoop_fmf_user_profile.sh
2,$REPBDF/embargo/acquisition/shell/acq_sqoop_fofa_hist_action.sh
2,$REPBDF/embargo/acquisition/shell/acq_sqoop_fmf_user_unit.sh
2,$REPBDF/embargo/acquisition/shell/acq_sqoop_fofa_hist_intervention.sh
2,$REPBDF/embargo/acquisition/shell/acq_sqoop_fof_hist_files.sh
3,$REPBDF/embargo/acquisition/shell/acq_sqoop_fofa_hist_message.sh
3,$REPBDF/embargo/acquisition/shell/acq_sqoop_fof_transitions.sh
3,$REPBDF/embargo/acquisition/shell/acq_sqoop_fof_states.sh
3,$REPBDF/embargo/acquisition/shell/acq_sqoop_profile_transitions.sh
