{
  "type" : "record",
  "name" : "fofa_hist_message",
  "fields" : [ {
    "name" : "t_system_id",
    "type" : ["string","null"]
  }, {
    "name" : "business_unit_id",
    "type" : ["double","null"]
  }, {
    "name" : "saausrgrp",
    "type" : ["string","null"]
  }, {
    "name" : "t_normamount",
    "type" : ["double","null"]
  }, {
    "name" : "t_app_deadline",
    "type" : ["string","null"]
  }, {
    "name" : "t_app_priority",
    "type" : ["double","null"]
  }, {
    "name" : "t_alignment",
    "type" : ["string","null"]
  }, {
    "name" : "t_confidentiality",
    "type" : ["double","null"]
  }, {
    "name" : "t_priority",
    "type" : ["double","null"]
  }, {
    "name" : "t_type",
    "type" : ["string","null"]
  }, {
    "name" : "t_transaction",
    "type" : ["string","null"]
  }, {
    "name" : "t_toappli",
    "type" : ["string","null"]
  }, {
    "name" : "t_sender",
    "type" : ["string","null"]
  }, {
    "name" : "t_related_ref",
    "type" : ["string","null"]
  }, {
    "name" : "t_receiver",
    "type" : ["string","null"]
  }, {
    "name" : "t_pairing_id",
    "type" : ["string","null"]
  }, {
    "name" : "t_nonblocking",
    "type" : ["double","null"]
  }, {
    "name" : "t_nature",
    "type" : ["string","null"]
  }, {
    "name" : "t_message_id",
    "type" : ["string","null"]
  }, {
    "name" : "t_message",
    "type" : ["string","null"]
  }, {
    "name" : "t_message_upd",
    "type" : ["string","null"]
  }, {
    "name" : "t_i_o",
    "type" : ["string","null"]
  }, {
    "name" : "t_gateway",
    "type" : ["string","null"]
  }, {
    "name" : "t_fromappli",
    "type" : ["string","null"]
  }, {
    "name" : "t_filtered",
    "type" : ["string","null"]
  }, {
    "name" : "t_entity",
    "type" : ["string","null"]
  }, {
    "name" : "t_lastoperator",
    "type" : ["string","null"]
  }, {
    "name" : "t_decision_type",
    "type" : ["string","null"]
  }, {
    "name" : "t_date_value",
    "type" : ["string","null"]
  }, {
    "name" : "t_currency",
    "type" : ["string","null"]
  }, {
    "name" : "t_created",
    "type" : ["string","null"]
  }, {
    "name" : "t_copy_service",
    "type" : ["string","null"]
  }, {
    "name" : "t_completed",
    "type" : ["string","null"]
  }, {
    "name" : "t_bunit",
    "type" : ["string","null"]
  }, {
    "name" : "t_blocking",
    "type" : ["double","null"]
  }, {
    "name" : "t_amount_float",
    "type" : ["double","null"]
  }, {
    "name" : "t_amount",
    "type" : ["string","null"]
  } ]
}


{
  "type" : "record",
  "name" : "alerte_no_dates",
  "fields" : [
  {
    "name" : "id_alerte",
    "type" : ["string","null"]
  },
  {
    "name" : "dernier_utilisateur",
    "type" : ["string","null"]
  },
  {
    "name" : "id_utilisateur",
    "type" : ["double","null"]
  },
  {
    "name" : "montant_transaction",
    "type" : ["double","null"]
  },
  {
    "name" : "blocking",
    "type" : ["double","null"]
  },   
  {
    "name" : "bunit",
    "type" : ["string","null"]
  }, 
  {
    "name" : "date_decision_finale",
    "type" : ["string","null"]
  },
  {
    "name" : "copy_service",
    "type" : ["string","null"]
  },  
  {
    "name" : "date_creation_transact",
    "type" : ["string","null"]
  },
  {
    "name" : "devise_transaction",
    "type" : ["string","null"]
  },
  {
    "name" : "date_valeur_transact",
    "type" : ["string","null"]
  },
  {
    "name" : "decision_finale",
    "type" : ["string","null"]
  },
  {
    "name" : "niveau_decision",
    "type" : ["string","null"]
  },
  {
    "name" : "motif_decision",
    "type" : ["string","null"]
  },
  {
    "name" : "etat",
    "type" : ["string","null"]
  },
  {
    "name" : "bo_gestion",
    "type" : ["string","null"]
  },
  {
    "name" : "back_office",
    "type" : ["string","null"]
  },
  {
    "name" : "date_filtre",
    "type" : ["string","null"]
  },
  {
    "name" : "saa_origine",
    "type" : ["string","null"]
  },
  {
    "name" : "saa_destination",
    "type" : ["string","null"]
  },
  {
    "name" : "gateway",
    "type" : ["string","null"]
  }, 
  {
    "name" : "bic_bq_emet",
    "type" : ["string","null"]
  },
  {
    "name" : "bic_bq_dest",
    "type" : ["string","null"]
  },
  {
    "name" : "ref_related",
    "type" : ["string","null"]
  }, 
  {
    "name" : "ref_transaction",
    "type" : ["string","null"]
  },
  {
    "name" : "type_message",
    "type" : ["string","null"]
  },
  {
    "name" : "ind_swift_sepa",
    "type" : ["string","null"]
  },
  {
    "name" : "sens_flux_e_r",
    "type" : ["string","null"]
  },
  {
    "name" : "id_message",
    "type" : ["string","null"]
  }, 
  {
    "name" : "msg_ref_transaction",
    "type" : ["string","null"]
  },
  {
    "name" : "msg_code_operation",
    "type" : ["string","null"]
  },
  {
    "name" : "msg_date_valeur",
    "type" : ["string","null"]
  },
  {
    "name" : "msg_devise_credit",
    "type" : ["string","null"]
  },
  {
    "name" : "msg_mnt_credit",
    "type" : ["double","null"]
  },
  {
    "name" : "msg_devise_debit",
    "type" : ["string","null"]
  },
  {
    "name" : "msg_mnt_debit",
    "type" : ["double","null"]
  },
  {
    "name" : "msg_taux_change",
    "type" : ["double","null"]
  },
  {
    "name" : "msg_num_cpt_do",
    "type" : ["string","null"]
  }, 
  {
    "name" : "msg_bic_do",
    "type" : ["string","null"]
  },
  {
    "name" : "msg_nom_do",
    "type" : ["string","null"]
  }, 
  {
    "name" : "msg_adresse_bo",
    "type" : ["string","null"]
  }, 
  {
    "name" : "msg_num_cpt_bq_do",
    "type" : ["string","null"]
  }, 
  {
    "name" : "msg_bic_bq_do",
    "type" : ["string","null"]
  },
  {
    "name" : "msg_nom_bq_do",
    "type" : ["string","null"]
  }, 
  {
    "name" : "msg_adresse_bq_do",
    "type" : ["string","null"]
  }, 
  {
    "name" : "msg_num_cpt_bq_em",
    "type" : ["string","null"]
  }, 
  {
    "name" : "msg_bic_bq_em",
    "type" : ["string","null"]
  },
  {
    "name" : "msg_nom_bq_em",
    "type" : ["string","null"]
  }, 
  {
    "name" : "msg_adresse_bq_em",
    "type" : ["string","null"]
  }, 
  {
    "name" : "msg_num_cpt_bq_dest",
    "type" : ["string","null"]
  }, 
  {
    "name" : "msg_bic_bq_dest",
    "type" : ["string","null"]
  },
  {
    "name" : "msg_nom_bq_dest",
    "type" : ["string","null"]
  }, 
  {
    "name" : "msg_adresse_bq_dest",
    "type" : ["string","null"]
  }, 
  {
    "name" : "msg_bic_bq_tie",
    "type" : ["string","null"]
  },
  {
    "name" : "msg_nom_bq_tie",
    "type" : ["string","null"]
  }, 
  {
    "name" : "msg_adresse_bq_tie",
    "type" : ["string","null"]
  }, 
  {
    "name" : "msg_num_cpt_bq_int",
    "type" : ["string","null"]
  }, 
  {
    "name" : "msg_bic_bq_int",
    "type" : ["string","null"]
  },
  {
    "name" : "msg_nom_bq_int",
    "type" : ["string","null"]
  }, 
  {
    "name" : "msg_adresse_bq_int",
    "type" : ["string","null"]
  }, 
  {
    "name" : "msg_num_cpt_bq_du_benef",
    "type" : ["string","null"]
  }, 
  {
    "name" : "msg_bic_bq_du_benef",
    "type" : ["string","null"]
  },
  {
    "name" : "msg_nom_bq_du_benef",
    "type" : ["string","null"]
  }, 
  {
    "name" : "msg_adresse_bq_du_benef",
    "type" : ["string","null"]
  }, 
  {
    "name" : "msg_num_cpt_bq_benef",
    "type" : ["string","null"]
  }, 
  {
    "name" : "msg_bic_bq_benef",
    "type" : ["string","null"]
  },
  {
    "name" : "msg_nom_bq_benef",
    "type" : ["string","null"]
  }, 
  {
    "name" : "msg_adresse_bq_benef",
    "type" : ["string","null"]
  }, 
  {
    "name" : "msg_num_cpt_benef",
    "type" : ["string","null"]
  }, 
  {
    "name" : "msg_bic_benef",
    "type" : ["string","null"]
  },
  {
    "name" : "msg_nom_benef",
    "type" : ["string","null"]
  }, 
  {
    "name" : "msg_adresse_benef",
    "type" : ["string","null"]
  }, 
  {
    "name" : "msg_motif_paiement",
    "type" : ["string","null"]
  }, 
  {
    "name" : "msg_message_bq",
    "type" : ["string","null"]
  }, 
  {
    "name" : "msg_commentaire",
    "type" : ["string","null"]
  }, 
  {
    "name" : "msg_mode_paiement_chg",
    "type" : ["string","null"]
  }, 
  {
    "name" : "msg_detail_charge",
    "type" : ["string","null"]
  }, 
  {
    "name" : "msg_devise_chg_em",
    "type" : ["string","null"]
  }, 
  {
    "name" : "msg_mnt_chg_em",
    "type" : ["double","null"]
  },
  {
    "name" : "msg_devise_chg_benef",
    "type" : ["string","null"]
  }, 
  {
    "name" : "msg_mnt_chg_benef",
    "type" : ["double","null"]
  },
  {
    "name" : "message_clob",
    "type" : ["string","null"]
  },
  {
    "name" : "nature",
    "type" : ["string","null"]
  }, 
  {
    "name" : "nonblocking",
    "type" : ["double","null"]
  },   
  {
    "name" : "id_pairing",
    "type" : ["string","null"]
  }, 
  {
    "name" : "priorite",
    "type" : ["double","null"]
  },   
  {
    "name" : "confidentialite",
    "type" : ["double","null"]
  },  
  {
    "name" : "alignement",
    "type" : ["string","null"]
  },  
  {
    "name" : "app_priority",
    "type" : ["double","null"]
  },  
  {
    "name" : "app_deadline",
    "type" : ["string","null"]
  },         
  {
    "name" : "normamount",
    "type" : ["double","null"]
  },  
  {
    "name" : "saausrgrp",
    "type" : ["string","null"]
  }, 
  {
    "name" : "id_business_unit",
    "type" : ["double","null"]
  } ]
}

