<SGBD>
    <FORMAT_SORTIE>ORC</FORMAT_SORTIE>
    <TABLE NOM="FMF_PROFILES" EVAL="OUI" NBR_MAPPER="1" CLE="T_ID" MODE_ALIM="COMPLET">
        <COLONNE NOM="T_ID" TYPE_SRC="NUMBER(38,0)" TYPE_DEST="DECIMAL(38,0)"/>
        <COLONNE NOM="BUSINESS_UNIT_ID" TYPE_SRC="NUMBER(22,0)" TYPE_DEST="DECIMAL(22,0)"/>
        <COLONNE NOM="T_STATUS" TYPE_SRC="NUMBER(38,0)" TYPE_DEST="DECIMAL(38,0)"/>
        <COLONNE NOM="T_LAST_UPDATE" TYPE_SRC="VARCHAR2" TYPE_DEST="STRING"/>
        <COLONNE NOM="T_CREATION_DATE" TYPE_SRC="VARCHAR2" TYPE_DEST="STRING"/>
        <COLONNE NOM="T_DESCRIPTION" TYPE_SRC="VARCHAR2" TYPE_DEST="STRING"/>
        <COLONNE NOM="T_NAME" TYPE_SRC="VARCHAR2" TYPE_DEST="STRING"/>
    </TABLE>
    <TABLE NOM="FMF_PROFILE_RIGHT" EVAL="OUI" NBR_MAPPER="1" CLE="T_RIGHT_ID" MODE_ALIM="COMPLET">
        <COLONNE NOM="T_PROFILE_ID" TYPE_SRC="NUMBER(38,0)" TYPE_DEST="DECIMAL(38,0)"/>
        <COLONNE NOM="T_RIGHT_ID" TYPE_SRC="NUMBER(38,0)" TYPE_DEST="DECIMAL(38,0)"/>
    </TABLE>
    <TABLE NOM="FMF_PROFILE_STATE" EVAL="OUI" NBR_MAPPER="1" CLE="T_STATE_ID" MODE_ALIM="COMPLET">
        <COLONNE NOM="T_PROFILE_ID" TYPE_SRC="NUMBER(38,0)" TYPE_DEST="DECIMAL(38,0)"/>
        <COLONNE NOM="T_STATE_ID" TYPE_SRC="NUMBER(38,0)" TYPE_DEST="DECIMAL(38,0)"/>
    </TABLE>
    <TABLE NOM="FMF_RIGHTS" EVAL="OUI" NBR_MAPPER="1" CLE="T_ID" MODE_ALIM="COMPLET">
        <COLONNE NOM="T_ID" TYPE_SRC="NUMBER(38,0)" TYPE_DEST="DECIMAL(38,0)"/>
        <COLONNE NOM="T_NAME" TYPE_SRC="VARCHAR2" TYPE_DEST="STRING"/>
    </TABLE>
    <TABLE NOM="FMF_UNITS" EVAL="OUI" NBR_MAPPER="1" CLE="T_ID" MODE_ALIM="COMPLET">
        <COLONNE NOM="T_ID" TYPE_SRC="NUMBER(38,0)" TYPE_DEST="DECIMAL(38,0)"/>
        <COLONNE NOM="BUSINESS_UNIT_ID" TYPE_SRC="NUMBER(22,0)" TYPE_DEST="DECIMAL(22,0)"/>
        <COLONNE NOM="T_DESCRIPTION" TYPE_SRC="VARCHAR2" TYPE_DEST="STRING"/>
        <COLONNE NOM="T_STATUS" TYPE_SRC="NUMBER(38,0)" TYPE_DEST="DECIMAL(38,0)"/>
        <COLONNE NOM="T_LAST_UPDATE" TYPE_SRC="VARCHAR2" TYPE_DEST="STRING"/>
        <COLONNE NOM="T_DAYS_MERGE" TYPE_SRC="NUMBER(38,0)" TYPE_DEST="DECIMAL(38,0)"/>
        <COLONNE NOM="T_EOD_TIME" TYPE_SRC="VARCHAR2" TYPE_DEST="STRING"/>
        <COLONNE NOM="T_NAME" TYPE_SRC="VARCHAR2" TYPE_DEST="STRING"/>
    </TABLE>
    <TABLE NOM="FMF_USERS" EVAL="OUI" NBR_MAPPER="1" CLE="T_ID" MODE_ALIM="COMPLET">
        <COLONNE NOM="T_ID" TYPE_SRC="NUMBER(38,0)" TYPE_DEST="DECIMAL(38,0)"/>
        <COLONNE NOM="BUSINESS_UNIT_ID" TYPE_SRC="NUMBER(22,0)" TYPE_DEST="DECIMAL(22,0)"/>
        <COLONNE NOM="T_LOCKCOMMENT" TYPE_SRC="VARCHAR2" TYPE_DEST="STRING"/>
        <COLONNE NOM="T_OUT_OF_OFFICE" TYPE_SRC="NUMBER(38,0)" TYPE_DEST="DECIMAL(38,0)"/>
        <COLONNE NOM="T_PUBLIC_HOLIDAYS" TYPE_SRC="VARCHAR2" TYPE_DEST="STRING"/>
        <COLONNE NOM="T_WORKING_HOURS" TYPE_SRC="VARCHAR2" TYPE_DEST="STRING"/>
        <COLONNE NOM="T_DAYS_OFF" TYPE_SRC="VARCHAR2" TYPE_DEST="STRING"/>
        <COLONNE NOM="T_PASSWORD_INITIAL" TYPE_SRC="NUMBER(38,0)" TYPE_DEST="DECIMAL(38,0)"/>
        <COLONNE NOM="T_STATUS" TYPE_SRC="NUMBER(38,0)" TYPE_DEST="DECIMAL(38,0)"/>
        <COLONNE NOM="T_LAST_REMOTE_HOST" TYPE_SRC="VARCHAR2" TYPE_DEST="STRING"/>
        <COLONNE NOM="T_LAST_LOGIN_DATE" TYPE_SRC="VARCHAR2" TYPE_DEST="STRING"/>
        <COLONNE NOM="T_USER_LAST_UPDATE" TYPE_SRC="VARCHAR2" TYPE_DEST="STRING"/>
        <COLONNE NOM="T_PASSWORD_LAST_UPDATE" TYPE_SRC="VARCHAR2" TYPE_DEST="STRING"/>
        <COLONNE NOM="T_CREATION_DATE" TYPE_SRC="VARCHAR2" TYPE_DEST="STRING"/>
        <COLONNE NOM="T_PASSWORD" TYPE_SRC="VARCHAR2" TYPE_DEST="STRING"/>
        <COLONNE NOM="T_EMAIL" TYPE_SRC="VARCHAR2" TYPE_DEST="STRING"/>
        <COLONNE NOM="T_DESCRIPTION" TYPE_SRC="VARCHAR2" TYPE_DEST="STRING"/>
        <COLONNE NOM="T_LOGIN" TYPE_SRC="VARCHAR2" TYPE_DEST="STRING"/>
        <COLONNE NOM="T_LOGIN_FAILURES" TYPE_SRC="NUMBER(38,0)" TYPE_DEST="DECIMAL(38,0)"/>
    </TABLE>
    <TABLE NOM="FMF_USER_PROFILE" EVAL="OUI" NBR_MAPPER="1" CLE="T_PROFILE_ID" MODE_ALIM="COMPLET">
        <COLONNE NOM="T_USER_ID" TYPE_SRC="NUMBER(38,0)" TYPE_DEST="DECIMAL(38,0)"/>
        <COLONNE NOM="T_PROFILE_ID" TYPE_SRC="NUMBER(38,0)" TYPE_DEST="DECIMAL(38,0)"/>
    </TABLE>
    <TABLE NOM="FMF_USER_UNIT" EVAL="OUI" NBR_MAPPER="1" CLE="T_UNIT_ID" MODE_ALIM="COMPLET">
        <COLONNE NOM="T_USER_ID" TYPE_SRC="NUMBER(38,0)" TYPE_DEST="DECIMAL(38,0)"/>
        <COLONNE NOM="T_UNIT_ID" TYPE_SRC="NUMBER(38,0)" TYPE_DEST="DECIMAL(38,0)"/>
    </TABLE>
    <TABLE NOM="FOFA_HIST_ACTION" EVAL="OUI" NBR_MAPPER="1" CLE="T_SYSTEM_ID" MODE_ALIM="DELTA" TYPE="MANUEL" MODE="INSERT" REQUETE="SELECT
            action.T_SYSTEM_ID as T_SYSTEM_ID,
            action.T_COMMENTS as T_COMMENTS,
            action.T_OPERATOR_DESC as T_OPERATOR_DESC,
            action.T_DECISION_TYPE as T_DECISION_TYPE,
            TO_DATE(action.T_DECISION_DATE,'YYYY/MM/DD HH24:MI:SS') as T_DECISION_DATE,
			$COL_DATE_OPE,
            '$DATE_INSERT' as DATE_INSERT,
			'$ID_TRAITEMENT' as ID_TRAITEMENT
		FROM 
            (
            SELECT act.* FROM FOFA_HIST_ACTION act 
            WHERE TO_DATE(act.T_DECISION_DATE,'YYYY/MM/DD HH24:MI:SS') &lt;= to_date('$TIMESTAMP_MAX', 'YYYY/MM/DD HH24:MI:SS')
            ) action
         INNER JOIN 
            (
            SELECT mess.* FROM FOFA_HIST_MESSAGE mess 
            WHERE TO_DATE(mess.T_COMPLETED,'YYYY/MM/DD HH24:MI:SS') &lt;= to_date('$TIMESTAMP_MAX', 'YYYY/MM/DD HH24:MI:SS')
            AND mess.T_ENTITY != 'CDC'
            ) message ON (message.T_SYSTEM_ID = action.T_SYSTEM_ID)
         WHERE TO_DATE(message.T_COMPLETED,'YYYY/MM/DD HH24:MI:SS') BETWEEN to_date('$TIMESTAMP_MIN', 'YYYY/MM/DD HH24:MI:SS') AND to_date('$TIMESTAMP_MAX', 'YYYY/MM/DD HH24:MI:SS')
         UNION
         SELECT 
            act.T_SYSTEM_ID as T_SYSTEM_ID,
            act.T_COMMENTS as T_COMMENTS,
            act.T_OPERATOR_DESC as T_OPERATOR_DESC,
            act.T_DECISION_TYPE as T_DECISION_TYPE,
            TO_DATE(act.T_DECISION_DATE,'YYYY/MM/DD HH24:MI:SS') as T_DECISION_DATE,
			$COL_DATE_OPE,
            '$DATE_INSERT' as DATE_INSERT,
			'$ID_TRAITEMENT' as ID_TRAITEMENT
         FROM FOFA_HIST_ACTION act 
         INNER JOIN FOFA_HIST_MESSAGE messag ON (messag.T_SYSTEM_ID = act.T_SYSTEM_ID)
         WHERE TO_DATE(act.T_DECISION_DATE,'YYYY/MM/DD HH24:MI:SS') BETWEEN to_date('$TIMESTAMP_MIN', 'YYYY/MM/DD HH24:MI:SS') AND to_date('$TIMESTAMP_MAX', 'YYYY/MM/DD HH24:MI:SS')
            AND TO_DATE(messag.T_COMPLETED,'YYYY/MM/DD HH24:MI:SS') &lt;= to_date('$TIMESTAMP_MAX', 'YYYY/MM/DD HH24:MI:SS')
            AND messag.T_ENTITY != 'CDC'">
        <COLONNE NOM="T_SYSTEM_ID" TYPE_SRC="VARCHAR2" TYPE_DEST="STRING"/>
        <COLONNE NOM="T_COMMENTS" TYPE_SRC="VARCHAR2" TYPE_DEST="STRING"/>
        <COLONNE NOM="T_OPERATOR_DESC" TYPE_SRC="VARCHAR2" TYPE_DEST="STRING"/>
        <COLONNE NOM="T_DECISION_TYPE" TYPE_SRC="VARCHAR2" TYPE_DEST="STRING"/>
        <COLONNE NOM="T_DECISION_DATE" TYPE_SRC="VARCHAR2" TYPE_DEST="STRING"/>
    </TABLE>
    <TABLE NOM="FOFA_HIST_INTERVENTION" EVAL="OUI" NBR_MAPPER="1" CLE="T_SYSTEM_ID" MODE_ALIM="DELTA" TYPE="MANUEL" MODE="INSERT" REQUETE="SELECT 
			inter.T_SYSTEM_ID as T_SYSTEM_ID,
            inter.T_INTERVENTION as T_INTERVENTION,
			$COL_DATE_OPE,
            '$DATE_INSERT' as DATE_INSERT,
			'$ID_TRAITEMENT' as ID_TRAITEMENT
		FROM FOFA_HIST_INTERVENTION inter
         INNER JOIN FOFA_HIST_MESSAGE messag ON (messag.T_SYSTEM_ID = inter.T_SYSTEM_ID)
         WHERE TO_DATE(messag.T_COMPLETED,'YYYY/MM/DD HH24:MI:SS') BETWEEN to_date('$TIMESTAMP_MIN', 'YYYY/MM/DD HH24:MI:SS') AND to_date('$TIMESTAMP_MAX', 'YYYY/MM/DD HH24:MI:SS')
         AND messag.T_ENTITY != 'CDC'">
        <COLONNE NOM="T_SYSTEM_ID" TYPE_SRC="VARCHAR2" TYPE_DEST="STRING"/>
        <COLONNE NOM="T_INTERVENTION" TYPE_SRC="CLOB" TYPE_DEST="STRING"/>
    </TABLE>
    <TABLE NOM="FOFA_HIST_MESSAGE" EVAL="OUI" NBR_MAPPER="1" CLE="T_SYSTEM_ID" MODE_ALIM="DELTA" TYPE="DATE" MODE="INSERT" CHAMP_SRC="T_COMPLETED" FORMAT_DATE="YYYY/MM/DD HH24:MI:SS">
        <CRITERE CONDITION="T_ENTITY !='CDC'"/>
        <COLONNE NOM="T_SYSTEM_ID" TYPE_SRC="VARCHAR2" TYPE_DEST="STRING"/>
        <COLONNE NOM="BUSINESS_UNIT_ID" TYPE_SRC="NUMBER(22,0)" TYPE_DEST="DECIMAL(22,0)"/>
        <COLONNE NOM="SAAUSRGRP" TYPE_SRC="VARCHAR2" TYPE_DEST="STRING"/>
        <COLONNE NOM="T_NORMAMOUNT" TYPE_SRC="NUMBER(38,0)" TYPE_DEST="DECIMAL(38,0)"/>
        <COLONNE NOM="T_APP_DEADLINE" TYPE_SRC="DATE" TYPE_DEST="TIMESTAMP"/>
        <COLONNE NOM="T_APP_PRIORITY" TYPE_SRC="NUMBER(38,0)" TYPE_DEST="DECIMAL(38,0)"/>
        <COLONNE NOM="T_ALIGNMENT" TYPE_SRC="VARCHAR2" TYPE_DEST="STRING"/>
        <COLONNE NOM="T_CONFIDENTIALITY" TYPE_SRC="NUMBER(38,0)" TYPE_DEST="DECIMAL(38,0)"/>
        <COLONNE NOM="T_PRIORITY" TYPE_SRC="NUMBER(38,0)" TYPE_DEST="DECIMAL(38,0)"/>
        <COLONNE NOM="T_TYPE" TYPE_SRC="VARCHAR2" TYPE_DEST="STRING"/>
        <COLONNE NOM="T_TRANSACTION" TYPE_SRC="VARCHAR2" TYPE_DEST="STRING"/>
        <COLONNE NOM="T_TOAPPLI" TYPE_SRC="VARCHAR2" TYPE_DEST="STRING"/>
        <COLONNE NOM="T_SENDER" TYPE_SRC="VARCHAR2" TYPE_DEST="STRING"/>
        <COLONNE NOM="T_RELATED_REF" TYPE_SRC="VARCHAR2" TYPE_DEST="STRING"/>
        <COLONNE NOM="T_RECEIVER" TYPE_SRC="VARCHAR2" TYPE_DEST="STRING"/>
        <COLONNE NOM="T_PAIRING_ID" TYPE_SRC="VARCHAR2" TYPE_DEST="STRING"/>
        <COLONNE NOM="T_NONBLOCKING" TYPE_SRC="NUMBER(38,0)" TYPE_DEST="DECIMAL(38,0)"/>
        <COLONNE NOM="T_NATURE" TYPE_SRC="VARCHAR2" TYPE_DEST="STRING"/>
        <COLONNE NOM="T_MESSAGE_ID" TYPE_SRC="VARCHAR2" TYPE_DEST="STRING"/>
        <COLONNE NOM="T_MESSAGE" TYPE_SRC="CLOB" TYPE_DEST="STRING"/>
        <COLONNE NOM="T_I_O" TYPE_SRC="VARCHAR2" TYPE_DEST="STRING"/>
        <COLONNE NOM="T_GATEWAY" TYPE_SRC="VARCHAR2" TYPE_DEST="STRING"/>
        <COLONNE NOM="T_FROMAPPLI" TYPE_SRC="VARCHAR2" TYPE_DEST="STRING"/>
        <COLONNE NOM="T_FILTERED" TYPE_SRC="VARCHAR2" TYPE_DEST="STRING"/>
        <COLONNE NOM="T_ENTITY" TYPE_SRC="VARCHAR2" TYPE_DEST="STRING"/>
        <COLONNE NOM="T_LASTOPERATOR" TYPE_SRC="VARCHAR2" TYPE_DEST="STRING"/>
        <COLONNE NOM="T_DECISION_TYPE" TYPE_SRC="VARCHAR2" TYPE_DEST="STRING"/>
        <COLONNE NOM="T_DATE_VALUE" TYPE_SRC="VARCHAR2" TYPE_DEST="STRING"/>
        <COLONNE NOM="T_CURRENCY" TYPE_SRC="VARCHAR2" TYPE_DEST="STRING"/>
        <COLONNE NOM="T_CREATED" TYPE_SRC="VARCHAR2" TYPE_DEST="STRING"/>
        <COLONNE NOM="T_COPY_SERVICE" TYPE_SRC="VARCHAR2" TYPE_DEST="STRING"/>
        <COLONNE NOM="T_COMPLETED" TYPE_SRC="VARCHAR2" TYPE_DEST="STRING"/>
        <COLONNE NOM="T_BUNIT" TYPE_SRC="VARCHAR2" TYPE_DEST="STRING"/>
        <COLONNE NOM="T_BLOCKING" TYPE_SRC="NUMBER(38,0)" TYPE_DEST="DECIMAL(38,0)"/>
        <COLONNE NOM="T_AMOUNT_FLOAT" TYPE_SRC="FLOAT" TYPE_DEST="DOUBLE"/>
        <COLONNE NOM="T_AMOUNT" TYPE_SRC="VARCHAR2" TYPE_DEST="STRING"/>
    </TABLE>
    <TABLE NOM="FOF_HIST_FILES" EVAL="OUI" NBR_MAPPER="1" CLE="DEC_DATE" MODE_ALIM="DELTA" TYPE="MANUEL" MODE="INSERT" REQUETE="SELECT
			hf.ID,
            hf.FILE_NAME,
            h.CONTENT,
            hf.CONTENT_SIZE,
            hf.COMMENTS,
            hf.OPERATOR,
            hf.DEC_ID,
            TO_DATE(hf.DEC_DATE,'YYYY/MM/DD HH24:MI:SS') as DEC_DATE,
			DATE_OPE,
            '$DATE_INSERT' as DATE_INSERT,
			'$ID_TRAITEMENT' as ID_TRAITEMENT
		FROM (
         SELECT
            hist_file.ID as ID,
            hist_file.FILE_NAME as FILE_NAME,
            hist_file.CONTENT_SIZE as CONTENT_SIZE,
            hist_file.COMMENTS as COMMENTS,
            hist_file.OPERATOR as OPERATOR,
            hist_file.DEC_ID as DEC_ID,
            hist_file.DEC_DATE as DEC_DATE,
            $COL_DATE_OPE
         FROM 
            (
            SELECT fil.* FROM FOF_HIST_FILES  fil
            WHERE TO_DATE(fil.DEC_DATE,'YYYY/MM/DD HH24:MI:SS') &lt;= to_date('$TIMESTAMP_MAX', 'YYYY/MM/DD HH24:MI:SS')
            ) hist_file
         INNER JOIN 
            (
            SELECT mess.* FROM FOFA_HIST_MESSAGE mess 
            WHERE TO_DATE(mess.T_COMPLETED,'YYYY/MM/DD HH24:MI:SS') &lt;= to_date('$TIMESTAMP_MAX', 'YYYY/MM/DD HH24:MI:SS')
            AND mess.T_ENTITY != 'CDC'
            ) message ON (message.T_SYSTEM_ID = hist_file.ID)
         WHERE TO_DATE(message.T_COMPLETED,'YYYY/MM/DD HH24:MI:SS') BETWEEN to_date('$TIMESTAMP_MIN', 'YYYY/MM/DD HH24:MI:SS') AND to_date('$TIMESTAMP_MAX', 'YYYY/MM/DD HH24:MI:SS')
         UNION
         SELECT
            hist_file.ID as ID,
            hist_file.FILE_NAME as FILE_NAME,
            hist_file.CONTENT_SIZE as CONTENT_SIZE,
            hist_file.COMMENTS as COMMENTS,
            hist_file.OPERATOR as OPERATOR,
            hist_file.DEC_ID as DEC_ID,
            hist_file.DEC_DATE as DEC_DATE,
			$COL_DATE_OPE
         FROM FOF_HIST_FILES hist_file 
         INNER JOIN FOFA_HIST_MESSAGE messag ON (messag.T_SYSTEM_ID = hist_file.ID)
         WHERE TO_DATE(hist_file.DEC_DATE,'YYYY/MM/DD HH24:MI:SS') &lt;= to_date('$TIMESTAMP_MAX', 'YYYY/MM/DD HH24:MI:SS')
	 AND TO_DATE(messag.T_COMPLETED,'YYYY/MM/DD HH24:MI:SS') BETWEEN to_date('$TIMESTAMP_MIN', 'YYYY/MM/DD HH24:MI:SS') AND to_date('$TIMESTAMP_MAX', 'YYYY/MM/DD HH24:MI:SS')
         AND messag.T_ENTITY != 'CDC'
         ) hf
         inner join FOF_HIST_FILES h
         on (hf.ID=h.ID
            AND hf.FILE_NAME=h.FILE_NAME
            AND hf.CONTENT_SIZE=h.CONTENT_SIZE
            AND hf.OPERATOR=h.OPERATOR
            AND hf.DEC_ID=h.DEC_ID
            AND hf.DEC_DATE=h.DEC_DATE
         )">
        <COLONNE NOM="ID" TYPE_SRC="VARCHAR2" TYPE_DEST="STRING"/>
        <COLONNE NOM="DEC_DATE" TYPE_SRC="VARCHAR2" TYPE_DEST="STRING"/>
        <COLONNE NOM="DEC_ID" TYPE_SRC="NUMBER(38,0)" TYPE_DEST="DECIMAL(38,0)"/>
        <COLONNE NOM="OPERATOR" TYPE_SRC="VARCHAR2" TYPE_DEST="STRING"/>
        <COLONNE NOM="COMMENTS" TYPE_SRC="VARCHAR2" TYPE_DEST="STRING"/>
        <COLONNE NOM="CONTENT_SIZE" TYPE_SRC="NUMBER(38,0)" TYPE_DEST="DECIMAL(38,0)"/>
        <COLONNE NOM="CONTENT" TYPE_SRC="BLOB" TYPE_DEST="BINARY"/>
        <COLONNE NOM="FILE_NAME" TYPE_SRC="VARCHAR2" TYPE_DEST="STRING"/>
    </TABLE>
    <TABLE NOM="FOF_STATES" EVAL="OUI" NBR_MAPPER="1" CLE="STATE_ID" MODE_ALIM="COMPLET">
        <COLONNE NOM="STATE_ID" TYPE_SRC="NUMBER(38,0)" TYPE_DEST="DECIMAL(38,0)"/>
        <COLONNE NOM="STRIPPING_ACTION" TYPE_SRC="NUMBER(1,0)" TYPE_DEST="DECIMAL(1,0)"/>
        <COLONNE NOM="EXTRACTED" TYPE_SRC="NUMBER(1,0)" TYPE_DEST="DECIMAL(1,0)"/>
        <COLONNE NOM="BUSINESS_UNIT_ID" TYPE_SRC="NUMBER(22,0)" TYPE_DEST="DECIMAL(22,0)"/>
        <COLONNE NOM="DELETABLE" TYPE_SRC="NUMBER(38,0)" TYPE_DEST="DECIMAL(38,0)"/>
        <COLONNE NOM="FEEDBACK" TYPE_SRC="NUMBER(38,0)" TYPE_DEST="DECIMAL(38,0)"/>
        <COLONNE NOM="DESCRIPTION" TYPE_SRC="VARCHAR2" TYPE_DEST="STRING"/>
        <COLONNE NOM="LABEL" TYPE_SRC="VARCHAR2" TYPE_DEST="STRING"/>
        <COLONNE NOM="BEHAVIOUR" TYPE_SRC="NUMBER(38,0)" TYPE_DEST="DECIMAL(38,0)"/>
        <COLONNE NOM="CONTROL_TRANSITION" TYPE_SRC="NUMBER(38,0)" TYPE_DEST="DECIMAL(38,0)"/>
        <COLONNE NOM="STATUS" TYPE_SRC="NUMBER(38,0)" TYPE_DEST="DECIMAL(38,0)"/>
        <COLONNE NOM="DATA_TYPE" TYPE_SRC="NUMBER(38,0)" TYPE_DEST="DECIMAL(38,0)"/>
        <COLONNE NOM="FINAL_STATE" TYPE_SRC="NUMBER(38,0)" TYPE_DEST="DECIMAL(38,0)"/>
        <COLONNE NOM="STATE_NAME" TYPE_SRC="VARCHAR2" TYPE_DEST="STRING"/>
    </TABLE>
    <TABLE NOM="FOF_TRANSITIONS" EVAL="OUI" NBR_MAPPER="1" CLE="TRANS_ID" MODE_ALIM="COMPLET">
        <COLONNE NOM="TRANS_ID" TYPE_SRC="NUMBER(38,0)" TYPE_DEST="DECIMAL(38,0)"/>
        <COLONNE NOM="BUSINESS_UNIT_ID" TYPE_SRC="NUMBER(22,0)" TYPE_DEST="DECIMAL(22,0)"/>
        <COLONNE NOM="SHORTCUT" TYPE_SRC="VARCHAR2" TYPE_DEST="STRING"/>
        <COLONNE NOM="DELETABLE" TYPE_SRC="NUMBER(38,0)" TYPE_DEST="DECIMAL(38,0)"/>
        <COLONNE NOM="STATUS" TYPE_SRC="NUMBER(38,0)" TYPE_DEST="DECIMAL(38,0)"/>
        <COLONNE NOM="TO_STATE" TYPE_SRC="NUMBER(38,0)" TYPE_DEST="DECIMAL(38,0)"/>
        <COLONNE NOM="FROM_STATE" TYPE_SRC="NUMBER(38,0)" TYPE_DEST="DECIMAL(38,0)"/>
        <COLONNE NOM="TRANSITION_NAME" TYPE_SRC="VARCHAR2" TYPE_DEST="STRING"/>
    </TABLE>
    <TABLE NOM="PROFILE_TRANSITIONS" EVAL="OUI" NBR_MAPPER="1" CLE="TRANSITION_ID" MODE_ALIM="COMPLET">
        <COLONNE NOM="PROFILE_ID" TYPE_SRC="NUMBER(38,0)" TYPE_DEST="DECIMAL(38,0)"/>
        <COLONNE NOM="TRANSITION_ID" TYPE_SRC="NUMBER(38,0)" TYPE_DEST="DECIMAL(38,0)"/>
    </TABLE>
</SGBD>
